policy,sid,turn,arrival_s,node,history_blocks,local_hbm_prefix,recovery,ttft_s,slo_success,seed
on_demand,23,0,0.5,0,0,0,hit,0.4166666666666667,1,1
on_demand,24,0,0.5,1,0,0,hit,0.5416666666666666,1,1
on_demand,47,0,0.5,2,0,0,hit,0.5,1,1
on_demand,42,0,1.5,0,0,0,hit,0.5,1,1
on_demand,46,0,1.5,2,0,0,hit,0.6666666666666666,1,1
on_demand,10,0,2.0,1,0,0,hit,0.5,1,1
on_demand,14,0,2.0,3,0,0,hit,0.4583333333333333,1,1
on_demand,3,0,3.5,0,0,0,hit,0.6666666666666666,1,1
on_demand,31,0,4.0,1,0,0,hit,0.5416666666666666,1,1
on_demand,37,0,5.0,0,0,0,hit,0.3333333333333333,1,1
on_demand,21,0,6.5,0,0,0,hit,0.5833333333333334,1,1
on_demand,2,0,7.0,1,0,0,hit,0.3333333333333333,1,1
on_demand,26,0,7.0,2,0,0,hit,0.3333333333333333,1,1
on_demand,18,0,8.0,0,0,0,hit,0.6666666666666666,1,1
on_demand,20,0,9.5,0,0,0,hit,0.4166666666666667,1,1
on_demand,32,0,11.0,0,0,0,hit,0.625,1,1
on_demand,38,0,11.0,1,0,0,hit,0.5,1,1
on_demand,19,0,11.5,2,0,0,hit,0.375,1,1
on_demand,11,0,12.0,3,0,0,hit,0.5833333333333334,1,1
on_demand,28,0,14.0,0,0,0,hit,0.625,1,1
on_demand,40,0,14.0,1,0,0,hit,0.375,1,1
on_demand,46,1,15.0,2,21,21,hit,0.3333333333333333,1,1
on_demand,29,0,16.5,0,0,0,hit,0.6666666666666666,1,1
on_demand,26,1,17.0,2,13,13,hit,0.2916666666666667,1,1
on_demand,3,1,19.5,0,21,16,restore,0.4285714285714286,1,1
on_demand,44,0,20.5,1,0,0,hit,0.5416666666666666,1,1
on_demand,12,0,21.5,0,0,0,hit,0.4583333333333333,1,1
on_demand,15,0,21.5,2,0,0,hit,0.625,1,1
on_demand,18,1,21.5,0,23,23,hit,0.8666666666666648,1,1
on_demand,11,1,22.0,3,20,20,hit,0.20833333333333334,1,1
on_demand,17,0,22.5,1,0,0,hit,0.625,1,1
on_demand,0,0,23.5,0,0,0,hit,0.5,1,1
on_demand,5,0,25.0,0,0,0,hit,0.4166666666666667,1,1
on_demand,38,1,25.5,1,18,18,hit,0.375,1,1
on_demand,37,1,26.0,0,12,0,restore,0.6369047619047619,1,1
on_demand,11,2,28.0,3,31,31,hit,0.16666666666666666,1,1
on_demand,36,0,28.0,0,0,0,hit,0.4166666666666667,1,1
on_demand,28,1,28.5,0,18,5,restore,1.3309523809523816,1,1
on_demand,8,0,30.0,1,0,0,hit,0.5,1,1
on_demand,9,0,30.0,2,0,0,hit,0.3333333333333333,1,1
on_demand,40,1,30.0,3,12,0,transfer,0.975,1,1
on_demand,18,2,31.0,0,30,30,hit,0.125,1,1
on_demand,16,0,32.0,0,0,0,hit,0.375,1,1
on_demand,11,3,36.0,3,39,39,hit,0.125,1,1
on_demand,0,1,36.5,0,14,14,hit,0.125,1,1
on_demand,8,1,36.5,1,17,17,hit,0.20833333333333334,1,1
on_demand,47,1,36.5,2,14,14,hit,0.375,1,1
on_demand,40,2,40.0,3,24,24,hit,0.25,1,1
on_demand,36,1,40.5,0,17,17,hit,0.16666666666666666,1,1
on_demand,22,0,42.0,0,0,0,hit,0.625,1,1
on_demand,7,0,43.0,1,0,0,hit,0.6666666666666666,1,1
on_demand,39,0,43.0,2,0,0,hit,0.375,1,1
on_demand,19,1,43.5,2,12,12,hit,0.7833333333333362,1,1
on_demand,18,3,45.0,0,40,40,hit,0.16666666666666666,1,1
on_demand,20,1,47.0,0,16,0,restore,0.8630952380952381,1,1
on_demand,43,0,47.5,1,0,0,hit,0.625,1,1
on_demand,8,2,48.0,1,27,27,hit,0.7916666666666666,1,1
on_demand,26,2,48.0,2,23,23,hit,0.125,1,1
on_demand,40,3,48.0,3,34,34,hit,0.16666666666666666,1,1
on_demand,2,1,48.5,3,14,0,recompute,1.3333333333333335,1,1
on_demand,28,2,48.5,0,30,0,restore,1.4261904761904818,1,1
on_demand,39,1,49.0,2,16,16,hit,0.16666666666666666,1,1
on_demand,33,0,49.5,1,0,0,hit,0.4583333333333333,1,1
on_demand,4,0,51.5,0,0,0,hit,0.625,1,1
on_demand,27,0,51.5,1,0,0,hit,0.375,1,1
on_demand,24,1,52.5,1,19,0,restore,0.9285714285714286,1,1
on_demand,12,1,53.0,0,13,0,restore,0.7559523809523809,1,1
on_demand,0,2,54.0,0,22,0,restore,1.0916666666666623,1,1
on_demand,15,1,58.5,2,19,19,hit,0.25,1,1
on_demand,32,1,58.5,0,22,0,restore,1.0357142857142856,1,1
on_demand,30,0,59.0,1,0,0,hit,0.5,1,1
on_demand,39,2,59.0,2,26,26,hit,0.375,1,1
on_demand,40,4,60.5,3,40,40,hit,0.16666666666666666,1,1
on_demand,13,0,61.0,0,0,0,hit,0.6666666666666666,1,1
on_demand,36,2,61.0,0,23,0,restore,2.0630952380952383,0,1
on_demand,3,2,62.5,0,33,0,restore,2.7750000000000017,0,1
on_demand,35,0,64.0,1,0,0,hit,0.375,1,1
on_demand,1,0,65.0,1,0,0,hit,0.3333333333333333,1,1
on_demand,28,3,67.0,0,39,0,restore,1.5178571428571428,1,1
on_demand,39,3,68.5,2,38,38,hit,0.16666666666666666,1,1
on_demand,10,1,70.0,1,16,0,restore,0.6964285714285714,1,1
on_demand,8,3,70.5,1,37,26,restore,1.4392857142857065,1,1
on_demand,45,0,70.5,0,0,0,hit,0.5,1,1
on_demand,6,0,71.0,2,0,0,hit,0.4583333333333333,1,1
on_demand,19,2,73.5,2,23,23,hit,0.20833333333333334,1,1
on_demand,37,2,74.5,0,19,0,restore,0.9285714285714286,1,1
on_demand,40,5,74.5,3,48,48,hit,0.3333333333333333,1,1
on_demand,15,2,75.5,2,27,27,hit,0.375,1,1
on_demand,2,2,76.0,3,23,23,hit,0.2916666666666667,1,1
on_demand,10,2,76.0,1,25,25,hit,0.16666666666666666,1,1
on_demand,42,1,76.5,0,15,0,restore,0.8273809523809523,1,1
on_demand,8,4,77.5,1,46,46,hit,0.375,1,1
on_demand,43,1,78.0,1,20,0,restore,1.180952380952378,1,1
on_demand,45,1,79.5,0,19,19,hit,0.16666666666666666,1,1
on_demand,3,3,80.0,0,46,22,restore,1.0654761904761905,1,1
on_demand,24,2,83.5,1,28,0,restore,1.2916666666666667,1,1
on_demand,32,2,84.5,0,30,0,restore,1.1964285714285714,1,1
on_demand,37,3,85.5,0,32,7,restore,1.6559523809523846,1,1
on_demand,8,5,88.0,1,58,58,hit,0.25,1,1
on_demand,19,3,88.0,2,33,33,hit,0.375,1,1
on_demand,12,2,92.5,0,23,0,restore,0.9464285714285714,1,1
on_demand,28,4,92.5,0,49,0,restore,3.2630952380952416,0,1
on_demand,30,1,96.5,1,14,0,restore,0.625,1,1
on_demand,17,1,97.5,1,19,0,restore,1.1119047619047562,1,1
on_demand,25,0,100.5,0,0,0,hit,0.3333333333333333,1,1
on_demand,19,4,104.0,2,46,46,hit,0.375,1,1
on_demand,7,1,105.5,1,19,0,restore,0.9702380952380953,1,1
on_demand,6,1,106.5,2,16,16,hit,0.25,1,1
on_demand,25,1,109.0,0,10,10,hit,0.16666666666666666,1,1
on_demand,24,3,111.5,1,39,0,restore,1.5595238095238095,1,1
on_demand,17,2,113.0,1,31,31,hit,0.5845238095238159,1,1
on_demand,37,4,116.0,0,39,39,hit,0.20833333333333334,1,1
on_demand,42,2,121.5,0,25,0,restore,1.0178571428571428,1,1
on_demand,34,0,123.0,0,0,0,hit,0.4166666666666667,1,1
on_demand,13,1,127.5,0,18,0,restore,1.0178571428571428,1,1
on_demand,37,5,136.5,0,49,49,hit,0.3333333333333333,1,1
on_demand,25,2,143.0,0,18,18,hit,0.16666666666666666,1,1
on_demand,41,0,145.0,0,0,0,hit,0.3333333333333333,1,1
on_demand,7,2,146.0,1,32,32,hit,0.20833333333333334,1,1
on_demand,41,1,151.0,0,10,10,hit,0.25,1,1
on_demand,24,4,152.5,1,47,47,hit,0.25,1,1
on_demand,37,6,153.0,0,64,64,hit,0.2916666666666667,1,1
on_demand,41,2,157.5,0,19,19,hit,0.125,1,1
on_demand,7,3,160.0,1,42,42,hit,0.125,1,1
on_demand,7,4,173.0,1,48,48,hit,0.125,1,1
on_demand,25,3,180.5,0,29,29,hit,0.2916666666666667,1,1
on_demand,34,1,192.0,0,15,0,restore,0.7857142857142857,1,1
on_demand,7,5,207.5,1,57,57,hit,0.125,1,1
on_demand,7,6,236.5,1,62,62,hit,0.20833333333333334,1,1
eager_full,23,0,0.5,0,0,0,hit,0.4166666666666667,1,1
eager_full,24,0,0.5,1,0,0,hit,0.5416666666666666,1,1
eager_full,47,0,0.5,2,0,0,hit,0.5,1,1
eager_full,42,0,1.5,0,0,0,hit,0.5,1,1
eager_full,46,0,1.5,2,0,0,hit,0.6666666666666666,1,1
eager_full,10,0,2.0,1,0,0,hit,0.5,1,1
eager_full,14,0,2.0,3,0,0,hit,0.4583333333333333,1,1
eager_full,3,0,3.5,0,0,0,hit,0.6666666666666666,1,1
eager_full,31,0,4.0,1,0,0,hit,0.5416666666666666,1,1
eager_full,37,0,5.0,0,0,0,hit,0.3333333333333333,1,1
eager_full,21,0,6.5,0,0,0,hit,0.5833333333333334,1,1
eager_full,2,0,7.0,1,0,0,hit,0.3333333333333333,1,1
eager_full,26,0,7.0,2,0,0,hit,0.3333333333333333,1,1
eager_full,18,0,8.0,0,0,0,hit,0.6666666666666666,1,1
eager_full,20,0,9.5,0,0,0,hit,0.4166666666666667,1,1
eager_full,32,0,11.0,0,0,0,hit,0.625,1,1
eager_full,38,0,11.0,1,0,0,hit,0.5,1,1
eager_full,19,0,11.5,2,0,0,hit,0.375,1,1
eager_full,11,0,12.0,3,0,0,hit,0.5833333333333334,1,1
eager_full,28,0,14.0,0,0,0,hit,0.625,1,1
eager_full,40,0,14.0,1,0,0,hit,0.375,1,1
eager_full,46,1,15.0,2,21,21,hit,0.3333333333333333,1,1
eager_full,29,0,16.5,0,0,0,hit,0.6666666666666666,1,1
eager_full,26,1,17.0,2,13,13,hit,0.2916666666666667,1,1
eager_full,3,1,19.5,1,21,21,hit,0.25,1,1
eager_full,44,0,20.5,0,0,0,hit,0.5416666666666666,1,1
eager_full,12,0,21.5,1,0,0,hit,0.4583333333333333,1,1
eager_full,15,0,21.5,2,0,0,hit,0.625,1,1
eager_full,18,1,21.5,1,23,23,hit,0.8666666666666648,1,1
eager_full,11,1,22.0,0,20,20,hit,0.20833333333333334,1,1
eager_full,17,0,22.5,3,0,0,hit,0.625,1,1
eager_full,0,0,23.5,0,0,0,hit,0.5,1,1
eager_full,5,0,25.0,0,0,0,hit,0.4166666666666667,1,1
eager_full,38,1,25.5,1,18,18,hit,0.375,1,1
eager_full,37,1,26.0,0,12,0,restore,0.6369047619047619,1,1
eager_full,11,2,28.0,3,31,24,recompute,0.75,1,1
eager_full,36,0,28.0,0,0,0,hit,0.4166666666666667,1,1
eager_full,28,1,28.5,0,18,18,hit,0.8666666666666671,1,1
eager_full,8,0,30.0,0,0,0,hit,0.5,1,1
eager_full,9,0,30.0,1,0,0,hit,0.3333333333333333,1,1
eager_full,40,1,30.0,2,12,0,recompute,1.375,1,1
eager_full,18,2,31.0,0,30,30,hit,0.125,1,1
eager_full,16,0,32.0,0,0,0,hit,0.375,1,1
eager_full,11,3,36.0,3,39,39,hit,0.125,1,1
eager_full,0,1,36.5,1,14,14,hit,0.125,1,1
eager_full,8,1,36.5,0,17,17,hit,0.20833333333333334,1,1
eager_full,47,1,36.5,2,14,14,hit,0.375,1,1
eager_full,40,2,40.0,2,24,24,hit,0.25,1,1
eager_full,36,1,40.5,0,17,2,restore,0.7023809523809523,1,1
eager_full,22,0,42.0,0,0,0,hit,0.625,1,1
eager_full,7,0,43.0,1,0,0,hit,0.6666666666666666,1,1
eager_full,39,0,43.0,2,0,0,hit,0.375,1,1
eager_full,19,1,43.5,0,12,0,restore,0.6369047619047619,1,1
eager_full,18,3,45.0,2,40,40,hit,0.16666666666666666,1,1
eager_full,20,1,47.0,0,16,0,restore,0.8630952380952381,1,1
eager_full,43,0,47.5,1,0,0,hit,0.625,1,1
eager_full,8,2,48.0,1,27,16,restore+recompute,1.3273809523809523,1,1
eager_full,26,2,48.0,2,23,2,restore,0.875,1,1
eager_full,40,3,48.0,0,34,32,transfer,0.8297619047619103,1,1
eager_full,2,1,48.5,3,14,0,transfer+recompute,1.0333333333333334,1,1
eager_full,28,2,48.5,0,30,0,restore,1.8928571428571503,1,1
eager_full,39,1,49.0,2,16,16,hit,0.4416666666666652,1,1
eager_full,33,0,49.5,1,0,0,hit,0.8857142857142837,1,1
eager_full,4,0,51.5,0,0,0,hit,0.625,1,1
eager_full,27,0,51.5,1,0,0,hit,0.375,1,1
eager_full,24,1,52.5,1,19,0,restore,0.9285714285714286,1,1
eager_full,12,1,53.0,0,13,0,transfer,0.9416666666666667,1,1
eager_full,0,2,54.0,1,22,0,restore,1.0357142857142856,1,1
eager_full,15,1,58.5,2,19,19,hit,0.25,1,1
eager_full,32,1,58.5,0,22,0,restore,1.0357142857142856,1,1
eager_full,30,0,59.0,1,0,0,hit,0.5,1,1
eager_full,39,2,59.0,2,26,26,hit,0.375,1,1
eager_full,40,4,60.5,3,40,28,recompute,1.1666666666666667,1,1
eager_full,13,0,61.0,0,0,0,hit,0.6666666666666666,1,1
eager_full,36,2,61.0,1,23,8,recompute,1.625,1,1
eager_full,3,2,62.5,0,33,22,recompute,1.25,1,1
eager_full,35,0,64.0,1,0,0,hit,0.375,1,1
eager_full,1,0,65.0,0,0,0,hit,0.3333333333333333,1,1
eager_full,28,3,67.0,0,39,0,restore,1.5178571428571428,1,1
eager_full,39,3,68.5,2,38,38,hit,0.16666666666666666,1,1
eager_full,10,1,70.0,0,16,0,restore,0.6964285714285714,1,1
eager_full,8,3,70.5,1,37,0,restore,1.5714285714285714,1,1
eager_full,45,0,70.5,2,0,0,hit,0.5,1,1
eager_full,6,0,71.0,3,0,0,hit,0.4583333333333333,1,1
eager_full,19,2,73.5,0,23,0,restore,1.0297619047619047,1,1
eager_full,37,2,74.5,1,19,0,restore+recompute,1.2619047619047619,1,1
eager_full,40,5,74.5,3,48,48,hit,0.3333333333333333,1,1
eager_full,15,2,75.5,2,27,27,hit,0.375,1,1
eager_full,2,2,76.0,3,23,23,hit,0.2916666666666667,1,1
eager_full,10,2,76.0,0,25,25,hit,0.16666666666666666,1,1
eager_full,42,1,76.5,0,15,0,restore,1.1940476190476266,1,1
eager_full,8,4,77.5,1,46,46,hit,0.375,1,1
eager_full,43,1,78.0,1,20,0,restore,1.180952380952378,1,1
eager_full,45,1,79.5,2,19,19,hit,0.16666666666666666,1,1
eager_full,3,3,80.0,0,46,0,restore,1.851190476190476,1,1
eager_full,24,2,83.5,0,28,21,recompute,0.875,1,1
eager_full,32,2,84.5,0,30,0,restore,1.471428571428577,1,1
eager_full,37,3,85.5,1,32,0,restore,1.3095238095238095,1,1
eager_full,8,5,88.0,1,58,0,restore,2.3214285714285716,0,1
eager_full,19,3,88.0,2,33,32,recompute,0.4583333333333333,1,1
eager_full,12,2,92.5,1,23,15,recompute,0.7916666666666666,1,1
eager_full,28,4,92.5,0,49,0,restore,1.9166666666666667,1,1
eager_full,30,1,96.5,1,14,14,hit,0.125,1,1
eager_full,17,1,97.5,0,19,0,restore,0.886904761904762,1,1
eager_full,25,0,100.5,0,0,0,hit,0.3333333333333333,1,1
eager_full,19,4,104.0,0,46,34,recompute,1.375,1,1
eager_full,7,1,105.5,1,19,0,restore,0.9702380952380953,1,1
eager_full,6,1,106.5,0,16,16,hit,0.25,1,1
eager_full,25,1,109.0,1,10,8,recompute,0.3333333333333333,1,1
eager_full,24,3,111.5,1,39,35,recompute,0.5,1,1
eager_full,17,2,113.0,0,31,0,restore,1.2321428571428572,1,1
eager_full,37,4,116.0,1,39,0,restore,1.601190476190476,1,1
eager_full,42,2,121.5,1,25,25,hit,0.125,1,1
eager_full,34,0,123.0,0,0,0,hit,0.4166666666666667,1,1
eager_full,13,1,127.5,0,18,17,restore,0.4107142857142857,1,1
eager_full,37,5,136.5,1,49,49,hit,0.3333333333333333,1,1
eager_full,25,2,143.0,2,18,17,recompute,0.25,1,1
eager_full,41,0,145.0,0,0,0,hit,0.3333333333333333,1,1
eager_full,7,2,146.0,1,32,0,restore,1.351190476190476,1,1
eager_full,41,1,151.0,0,10,10,hit,0.25,1,1
eager_full,24,4,152.5,0,47,19,restore,1.25,1,1
eager_full,37,6,153.0,1,64,34,restore,1.3630952380952381,1,1
eager_full,41,2,157.5,1,19,19,hit,0.125,1,1
eager_full,7,3,160.0,2,42,38,recompute,0.4583333333333333,1,1
eager_full,7,4,173.0,0,48,48,hit,0.125,1,1
eager_full,25,3,180.5,3,29,29,hit,0.2916666666666667,1,1
eager_full,34,1,192.0,0,15,0,restore,0.7857142857142857,1,1
eager_full,7,5,207.5,0,57,57,hit,0.125,1,1
eager_full,7,6,236.5,0,62,62,hit,0.20833333333333334,1,1
repkv,23,0,0.5,0,0,0,hit,0.4166666666666667,1,1
repkv,24,0,0.5,1,0,0,hit,0.5416666666666666,1,1
repkv,47,0,0.5,2,0,0,hit,0.5,1,1
repkv,42,0,1.5,0,0,0,hit,0.5,1,1
repkv,46,0,1.5,2,0,0,hit,0.6666666666666666,1,1
repkv,10,0,2.0,1,0,0,hit,0.5,1,1
repkv,14,0,2.0,3,0,0,hit,0.4583333333333333,1,1
repkv,3,0,3.5,0,0,0,hit,0.6666666666666666,1,1
repkv,31,0,4.0,1,0,0,hit,0.5416666666666666,1,1
repkv,37,0,5.0,0,0,0,hit,0.3333333333333333,1,1
repkv,21,0,6.5,0,0,0,hit,0.5833333333333334,1,1
repkv,2,0,7.0,1,0,0,hit,0.3333333333333333,1,1
repkv,26,0,7.0,2,0,0,hit,0.3333333333333333,1,1
repkv,18,0,8.0,0,0,0,hit,0.6666666666666666,1,1
repkv,20,0,9.5,0,0,0,hit,0.4166666666666667,1,1
repkv,32,0,11.0,0,0,0,hit,0.625,1,1
repkv,38,0,11.0,1,0,0,hit,0.5,1,1
repkv,19,0,11.5,2,0,0,hit,0.375,1,1
repkv,11,0,12.0,3,0,0,hit,0.5833333333333334,1,1
repkv,28,0,14.0,0,0,0,hit,0.625,1,1
repkv,40,0,14.0,1,0,0,hit,0.375,1,1
repkv,46,1,15.0,2,21,21,hit,0.3333333333333333,1,1
repkv,29,0,16.5,0,0,0,hit,0.6666666666666666,1,1
repkv,26,1,17.0,2,13,13,hit,0.2916666666666667,1,1
repkv,3,1,19.5,0,21,1,restore,0.9642857142857143,1,1
repkv,44,0,20.5,1,0,0,hit,0.5416666666666666,1,1
repkv,12,0,21.5,0,0,0,hit,0.4583333333333333,1,1
repkv,15,0,21.5,2,0,0,hit,0.625,1,1
repkv,18,1,21.5,0,23,0,restore,1.688095238095236,1,1
repkv,11,1,22.0,3,20,20,hit,0.20833333333333334,1,1
repkv,17,0,22.5,1,0,0,hit,0.625,1,1
repkv,0,0,23.5,0,0,0,hit,0.5,1,1
repkv,5,0,25.0,0,0,0,hit,0.4166666666666667,1,1
repkv,38,1,25.5,1,18,18,hit,0.375,1,1
repkv,37,1,26.0,0,12,0,restore,0.6369047619047619,1,1
repkv,11,2,28.0,3,31,31,hit,0.16666666666666666,1,1
repkv,36,0,28.0,0,0,0,hit,0.4166666666666667,1,1
repkv,28,1,28.5,0,18,10,restore,1.1523809523809527,1,1
repkv,8,0,30.0,1,0,0,hit,0.5,1,1
repkv,9,0,30.0,2,0,0,hit,0.3333333333333333,1,1
repkv,40,1,30.0,3,12,0,transfer+recompute,1.1416666666666666,1,1
repkv,18,2,31.0,0,30,26,restore,0.26785714285714285,1,1
repkv,16,0,32.0,0,0,0,hit,0.375,1,1
repkv,11,3,36.0,3,39,39,hit,0.125,1,1
repkv,0,1,36.5,0,14,0,restore,0.625,1,1
repkv,8,1,36.5,1,17,17,hit,0.20833333333333334,1,1
repkv,47,1,36.5,2,14,14,hit,0.375,1,1
repkv,40,2,40.0,3,24,24,hit,0.25,1,1
repkv,36,1,40.5,0,17,5,restore,0.5952380952380952,1,1
repkv,22,0,42.0,0,0,0,hit,0.625,1,1
repkv,7,0,43.0,1,0,0,hit,0.6666666666666666,1,1
repkv,39,0,43.0,2,0,0,hit,0.375,1,1
repkv,19,1,43.5,2,12,12,hit,0.7833333333333362,1,1
repkv,18,3,45.0,0,40,2,restore,1.523809523809524,1,1
repkv,20,1,47.0,0,16,0,restore,0.8630952380952381,1,1
repkv,43,0,47.5,1,0,0,hit,0.625,1,1
repkv,8,2,48.0,1,27,27,hit,0.7916666666666666,1,1
repkv,26,2,48.0,2,23,23,hit,0.125,1,1
repkv,40,3,48.0,3,34,34,hit,0.16666666666666666,1,1
repkv,2,1,48.5,3,14,0,transfer+recompute,1.1333333333333333,1,1
repkv,28,2,48.5,0,30,0,restore,1.4261904761904818,1,1
repkv,39,1,49.0,2,16,16,hit,0.16666666666666666,1,1
repkv,33,0,49.5,1,0,0,hit,0.4583333333333333,1,1
repkv,4,0,51.5,0,0,0,hit,0.625,1,1
repkv,27,0,51.5,1,0,0,hit,0.375,1,1
repkv,24,1,52.5,1,19,0,restore,0.9285714285714286,1,1
repkv,12,1,53.0,0,13,0,restore,0.7559523809523809,1,1
repkv,0,2,54.0,0,22,0,restore,1.0916666666666623,1,1
repkv,15,1,58.5,2,19,19,hit,0.25,1,1
repkv,32,1,58.5,0,22,0,restore,1.0357142857142856,1,1
repkv,30,0,59.0,1,0,0,hit,0.5,1,1
repkv,39,2,59.0,2,26,26,hit,0.375,1,1
repkv,40,4,60.5,3,40,40,hit,0.16666666666666666,1,1
repkv,13,0,61.0,0,0,0,hit,0.6666666666666666,1,1
repkv,36,2,61.0,0,23,7,restore,1.8130952380952385,1,1
repkv,3,2,62.5,0,33,14,restore,2.0250000000000012,0,1
repkv,35,0,64.0,1,0,0,hit,0.375,1,1
repkv,1,0,65.0,1,0,0,hit,0.3333333333333333,1,1
repkv,28,3,67.0,0,39,23,restore,0.6964285714285714,1,1
repkv,39,3,68.5,2,38,38,hit,0.16666666666666666,1,1
repkv,10,1,70.0,1,16,0,restore,0.6964285714285714,1,1
repkv,8,3,70.5,1,37,3,restore,2.260714285714278,0,1
repkv,45,0,70.5,0,0,0,hit,0.5,1,1
repkv,6,0,71.0,2,0,0,hit,0.4583333333333333,1,1
repkv,19,2,73.5,2,23,23,hit,0.20833333333333334,1,1
repkv,37,2,74.5,0,19,0,restore,0.9285714285714286,1,1
repkv,40,5,74.5,3,48,48,hit,0.3333333333333333,1,1
repkv,15,2,75.5,2,27,27,hit,0.375,1,1
repkv,2,2,76.0,3,23,23,hit,0.2916666666666667,1,1
repkv,10,2,76.0,1,25,25,hit,0.16666666666666666,1,1
repkv,42,1,76.5,0,15,0,restore,0.8273809523809523,1,1
repkv,8,4,77.5,1,46,46,hit,0.375,1,1
repkv,43,1,78.0,1,20,12,restore,0.7523809523809495,1,1
repkv,45,1,79.5,0,19,0,restore,0.8452380952380952,1,1
repkv,3,3,80.0,0,46,26,restore,1.4678571428571525,1,1
repkv,24,2,83.5,1,28,24,restore,0.43452380952380953,1,1
repkv,32,2,84.5,0,30,3,restore,1.0892857142857144,1,1
repkv,37,3,85.5,0,32,0,restore,1.7988095238095234,1,1
repkv,8,5,88.0,1,58,58,hit,0.25,1,1
repkv,19,3,88.0,2,33,33,hit,0.375,1,1
repkv,12,2,92.5,0,23,0,restore,0.9464285714285714,1,1
repkv,28,4,92.5,0,49,29,restore,2.227380952380956,0,1
repkv,30,1,96.5,1,14,0,restore,0.625,1,1
repkv,17,1,97.5,1,19,0,restore,1.1119047619047562,1,1
repkv,25,0,100.5,0,0,0,hit,0.3333333333333333,1,1
repkv,19,4,104.0,2,46,46,hit,0.375,1,1
repkv,7,1,105.5,1,19,0,restore,0.9702380952380953,1,1
repkv,6,1,106.5,2,16,16,hit,0.25,1,1
repkv,25,1,109.0,0,10,10,hit,0.16666666666666666,1,1
repkv,24,3,111.5,1,39,24,restore,0.7023809523809523,1,1
repkv,17,2,113.0,1,31,31,hit,0.125,1,1
repkv,37,4,116.0,0,39,23,restore,0.7797619047619048,1,1
repkv,42,2,121.5,0,25,0,restore,1.0178571428571428,1,1
repkv,34,0,123.0,0,0,0,hit,0.4166666666666667,1,1
repkv,13,1,127.5,0,18,0,restore,1.0178571428571428,1,1
repkv,37,5,136.5,0,49,49,hit,0.3333333333333333,1,1
repkv,25,2,143.0,0,18,7,restore,0.5595238095238095,1,1
repkv,41,0,145.0,0,0,0,hit,0.3333333333333333,1,1
repkv,7,2,146.0,1,32,32,hit,0.20833333333333334,1,1
repkv,41,1,151.0,0,10,10,hit,0.25,1,1
repkv,24,4,152.5,1,47,47,hit,0.25,1,1
repkv,37,6,153.0,0,64,56,restore,0.5773809523809523,1,1
repkv,41,2,157.5,0,19,9,restore,0.48214285714285715,1,1
repkv,7,3,160.0,1,42,42,hit,0.125,1,1
repkv,7,4,173.0,1,48,48,hit,0.125,1,1
repkv,25,3,180.5,0,29,21,restore,0.5773809523809523,1,1
repkv,34,1,192.0,0,15,0,restore,0.7857142857142857,1,1
repkv,7,5,207.5,1,57,57,hit,0.125,1,1
repkv,7,6,236.5,1,62,62,hit,0.20833333333333334,1,1
on_demand,11,0,0.5,0,0,0,hit,0.625,1,2
on_demand,44,0,0.5,1,0,0,hit,0.4166666666666667,1,2
on_demand,7,0,1.0,2,0,0,hit,0.5416666666666666,1,2
on_demand,21,0,1.0,3,0,0,hit,0.5416666666666666,1,2
on_demand,23,0,1.0,1,0,0,hit,0.8416666666666668,1,2
on_demand,6,0,1.5,0,0,0,hit,0.5416666666666667,1,2
on_demand,32,0,1.5,3,0,0,hit,1.0083333333333333,1,2
on_demand,20,0,2.0,2,0,0,hit,0.625,1,2
on_demand,0,0,2.5,0,0,0,hit,0.4166666666666667,1,2
on_demand,45,0,3.5,1,0,0,hit,0.4583333333333333,1,2
on_demand,15,0,4.0,0,0,0,hit,0.5833333333333334,1,2
on_demand,19,0,4.0,2,0,0,hit,0.5833333333333334,1,2
on_demand,33,0,4.0,3,0,0,hit,0.3333333333333333,1,2
on_demand,16,0,4.5,3,0,0,hit,0.4666666666666662,1,2
on_demand,1,0,5.5,0,0,0,hit,0.4166666666666667,1,2
on_demand,38,0,6.5,1,0,0,hit,0.5416666666666666,1,2
on_demand,12,0,7.0,0,0,0,hit,0.4583333333333333,1,2
on_demand,34,0,7.5,2,0,0,hit,0.4166666666666667,1,2
on_demand,44,1,7.5,1,13,13,hit,0.3916666666666666,1,2
on_demand,42,0,8.0,0,0,0,hit,0.4583333333333333,1,2
on_demand,28,0,9.5,0,0,0,hit,0.375,1,2
on_demand,4,0,10.5,0,0,0,hit,0.6666666666666666,1,2
on_demand,25,0,10.5,1,0,0,hit,0.5416666666666666,1,2
on_demand,39,0,11.0,2,0,0,hit,0.3333333333333333,1,2
on_demand,30,0,11.5,3,0,0,hit,0.3333333333333333,1,2
on_demand,8,0,12.0,0,0,0,hit,0.375,1,2
on_demand,23,1,12.0,1,18,18,hit,0.20833333333333334,1,2
on_demand,46,0,12.0,2,0,0,hit,0.4583333333333333,1,2
on_demand,7,1,13.0,2,17,17,hit,0.4499999999999999,1,2
on_demand,27,0,13.5,0,0,0,hit,0.5416666666666666,1,2
on_demand,31,0,13.5,1,0,0,hit,0.3333333333333333,1,2
on_demand,13,0,14.0,2,0,0,hit,0.375,1,2
on_demand,38,1,14.5,1,19,19,hit,0.3333333333333333,1,2
on_demand,0,1,15.0,0,17,17,hit,0.3333333333333333,1,2
on_demand,9,0,16.5,0,0,0,hit,0.6666666666666666,1,2
on_demand,15,1,18.5,0,17,0,restore,0.7738095238095237,1,2
on_demand,39,1,18.5,2,14,14,hit,0.3333333333333333,1,2
on_demand,12,1,19.0,1,13,0,recompute,1.2083333333333333,1,2
on_demand,25,1,19.5,3,18,0,transfer,1.2333333333333334,1,2
on_demand,33,1,19.5,2,11,0,transfer,0.9166666666666647,1,2
on_demand,24,0,20.0,0,0,0,hit,0.5833333333333334,1,2
on_demand,42,1,20.0,0,13,0,restore,1.8559523809523812,1,2
on_demand,3,0,20.5,1,0,0,hit,0.7333333333333307,1,2
on_demand,40,0,22.0,1,0,0,hit,0.5833333333333334,1,2
on_demand,45,1,22.0,2,18,0,recompute,1.75,1,2
on_demand,30,1,22.5,3,11,11,hit,0.2916666666666667,1,2
on_demand,9,1,23.0,0,22,22,hit,0.375,1,2
on_demand,37,0,24.5,0,0,0,hit,0.4583333333333333,1,2
on_demand,1,1,25.0,0,16,0,restore,1.2047619047619043,1,2
on_demand,44,2,25.0,1,24,5,restore,0.8035714285714286,1,2
on_demand,8,1,25.5,2,13,0,recompute,1.4583333333333333,1,2
on_demand,11,1,25.5,3,20,0,recompute,2.041666666666667,0,2
on_demand,14,0,25.5,1,0,0,hit,1.3869047619047605,1,2
on_demand,0,2,27.0,0,28,0,restore,1.375,1,2
on_demand,42,2,27.0,2,24,0,transfer,2.1333333333333337,0,2
on_demand,34,1,27.5,1,17,0,recompute,1.8785714285714252,1,2
on_demand,24,1,28.5,0,20,1,restore,1.3202380952380968,1,2
on_demand,15,2,29.5,0,27,0,restore,1.992857142857144,1,2
on_demand,18,0,29.5,2,0,0,hit,0.3333333333333333,1,2
on_demand,4,1,30.5,1,22,0,recompute,2.0416666666666665,0,2
on_demand,1,2,31.0,0,30,30,hit,1.4678571428571416,1,2
on_demand,22,0,31.5,2,0,0,hit,0.4166666666666667,1,2
on_demand,25,2,31.5,3,31,31,hit,0.16666666666666666,1,2
on_demand,17,0,34.0,0,0,0,hit,0.5416666666666666,1,2
on_demand,11,2,36.0,3,32,32,hit,0.25,1,2
on_demand,27,1,37.5,0,17,0,restore,0.9404761904761905,1,2
on_demand,24,2,38.0,0,29,15,restore,1.5654761904761898,1,2
on_demand,3,1,38.5,1,20,12,restore,0.49404761904761907,1,2
on_demand,0,3,39.0,0,43,0,restore,2.4261904761904782,0,2
on_demand,13,1,40.0,2,11,0,restore,0.7261904761904762,1,2
on_demand,29,0,40.0,1,0,0,hit,0.3333333333333333,1,2
on_demand,36,0,41.5,1,0,0,hit,0.4166666666666667,1,2
on_demand,39,2,41.5,2,29,0,restore,1.3273809523809526,1,2
on_demand,42,3,42.0,0,36,0,restore+transfer,1.582142857142857,1,2
on_demand,11,3,42.5,3,44,44,hit,0.25,1,2
on_demand,38,2,42.5,1,30,0,restore,1.4464285714285714,1,2
on_demand,33,2,43.0,3,24,11,recompute,1.566666666666665,1,2
on_demand,45,2,43.0,2,30,0,restore,1.8488095238095232,1,2
on_demand,46,1,44.5,0,18,0,recompute,1.8333333333333333,1,2
on_demand,8,2,46.5,2,28,0,restore,1.25,1,2
on_demand,9,2,47.0,0,35,0,restore,1.4500000000000053,1,2
on_demand,23,2,47.5,1,25,0,restore,1.2678571428571428,1,2
on_demand,36,1,49.0,1,15,15,hit,0.45952380952381117,1,2
on_demand,11,4,49.5,3,54,54,hit,0.20833333333333334,1,2
on_demand,30,2,49.5,3,20,18,restore,0.9297619047619057,1,2
on_demand,14,1,50.0,1,21,0,restore,0.9583333333333334,1,2
on_demand,35,0,50.5,0,0,0,hit,0.5416666666666666,1,2
on_demand,34,2,51.5,1,29,0,restore,1.244047619047619,1,2
on_demand,44,3,51.5,0,32,0,recompute,2.958333333333333,0,2
on_demand,0,4,52.0,2,50,0,recompute,4.458333333333334,0,2
on_demand,26,0,52.5,3,0,0,hit,0.5416666666666666,1,2
on_demand,31,1,52.5,1,10,0,restore,1.4678571428571472,1,2
on_demand,15,3,54.5,0,38,0,restore,1.9821428571428596,1,2
on_demand,39,3,54.5,1,43,0,transfer+recompute,3.4416666666666664,0,2
on_demand,35,1,56.5,0,15,15,hit,0.8154761904761945,1,2
on_demand,17,1,58.0,0,19,0,restore,0.8452380952380952,1,2
on_demand,30,3,58.0,3,29,29,hit,0.375,1,2
on_demand,5,0,60.0,0,0,0,hit,0.3333333333333333,1,2
on_demand,9,3,60.0,0,46,0,restore,2.4011904761904757,0,2
on_demand,44,4,60.0,1,44,0,restore+recompute,2.4761904761904763,0,2
on_demand,38,3,60.5,2,44,0,recompute,3.9166666666666665,0,2
on_demand,11,5,62.5,3,63,63,hit,0.20833333333333334,1,2
on_demand,19,1,64.0,2,19,0,restore,1.6202380952381057,1,2
on_demand,35,2,64.5,0,29,29,hit,0.3333333333333333,1,2
on_demand,30,4,65.5,3,44,44,hit,0.25,1,2
on_demand,13,2,66.0,2,24,0,restore,1.2523809523809706,1,2
on_demand,22,1,66.5,0,12,0,recompute,1.2083333333333333,1,2
on_demand,44,5,68.5,1,57,57,hit,0.2916666666666667,1,2
on_demand,11,6,69.5,3,71,71,hit,0.25,1,2
on_demand,33,3,69.5,3,38,5,restore,2.261904761904762,0,2
on_demand,47,0,69.5,0,0,0,hit,0.5,1,2
on_demand,14,2,71.5,1,29,0,restore,1.1607142857142858,1,2
on_demand,36,2,72.0,1,26,0,restore,1.9976190476190565,1,2
on_demand,17,2,73.0,0,29,2,restore,1.2976190476190477,1,2
on_demand,37,1,73.5,2,14,0,recompute,1.5,1,2
on_demand,38,4,74.0,2,54,54,hit,1.891666666666661,1,2
on_demand,35,3,75.5,0,41,41,hit,0.375,1,2
on_demand,10,0,76.0,1,0,0,hit,0.4583333333333333,1,2
on_demand,39,4,76.0,1,52,11,restore,2.997619047619046,0,2
on_demand,16,1,77.5,3,14,0,restore,0.625,1,2
on_demand,28,1,82.0,0,13,0,restore,0.6726190476190477,1,2
on_demand,37,2,82.0,2,28,28,hit,0.16666666666666666,1,2
on_demand,13,3,82.5,2,38,38,hit,0.25,1,2
on_demand,31,2,84.5,1,16,0,restore,0.7797619047619048,1,2
on_demand,43,0,84.5,0,0,0,hit,0.625,1,2
on_demand,39,5,85.5,1,68,68,hit,0.125,1,2
on_demand,18,1,86.0,2,13,0,restore,0.5892857142857143,1,2
on_demand,38,5,86.0,2,68,40,restore,2.2559523809523747,0,2
on_demand,33,4,86.5,3,49,49,hit,0.16666666666666666,1,2
on_demand,2,0,87.0,0,0,0,hit,0.625,1,2
on_demand,31,3,90.5,1,23,23,hit,0.20833333333333334,1,2
on_demand,11,7,94.0,3,82,76,restore,0.4226190476190476,1,2
on_demand,18,2,95.5,2,21,21,hit,0.3333333333333333,1,2
on_demand,10,1,96.0,1,18,18,hit,0.3333333333333333,1,2
on_demand,41,0,96.5,0,0,0,hit,0.4583333333333333,1,2
on_demand,40,1,97.0,1,19,0,restore,1.0119047619047619,1,2
on_demand,35,4,98.5,0,54,54,hit,0.125,1,2
on_demand,36,3,99.5,1,35,0,restore,1.5,1,2
on_demand,33,5,101.0,3,58,58,hit,0.20833333333333334,1,2
on_demand,39,6,102.0,1,75,7,restore,2.720238095238095,0,2
on_demand,38,6,108.0,2,78,78,hit,0.125,1,2
on_demand,47,1,112.5,0,19,0,restore,0.8035714285714286,1,2
on_demand,29,1,115.0,1,14,0,restore,0.7916666666666667,1,2
on_demand,31,4,118.5,1,35,0,restore,1.375,1,2
on_demand,38,7,122.5,2,88,88,hit,0.125,1,2
on_demand,35,5,133.0,0,62,62,hit,0.3333333333333333,1,2
on_demand,28,2,134.5,0,23,3,restore,0.8392857142857143,1,2
on_demand,5,1,135.0,1,11,0,recompute,1.25,1,2
on_demand,35,6,144.0,0,74,74,hit,0.2916666666666667,1,2
on_demand,36,4,153.0,1,44,0,restore,1.9464285714285714,1,2
on_demand,29,2,163.5,1,25,25,hit,0.16666666666666666,1,2
on_demand,5,2,164.5,1,21,21,hit,0.375,1,2
on_demand,10,2,167.0,1,30,0,restore,1.1964285714285714,1,2
on_demand,36,5,170.5,1,56,46,restore,0.7321428571428572,1,2
on_demand,47,2,174.0,0,26,26,hit,0.3333333333333333,1,2
on_demand,36,6,192.0,1,67,67,hit,0.20833333333333334,1,2
on_demand,47,3,204.0,0,38,38,hit,0.125,1,2
on_demand,10,3,204.5,1,36,36,hit,0.125,1,2
on_demand,29,3,215.5,1,32,11,restore,0.875,1,2
eager_full,11,0,0.5,0,0,0,hit,0.625,1,2
eager_full,44,0,0.5,1,0,0,hit,0.4166666666666667,1,2
eager_full,7,0,1.0,2,0,0,hit,0.5416666666666666,1,2
eager_full,21,0,1.0,3,0,0,hit,0.5416666666666666,1,2
eager_full,23,0,1.0,1,0,0,hit,0.8416666666666668,1,2
eager_full,6,0,1.5,0,0,0,hit,0.5416666666666667,1,2
eager_full,32,0,1.5,3,0,0,hit,1.0083333333333333,1,2
eager_full,20,0,2.0,2,0,0,hit,0.625,1,2
eager_full,0,0,2.5,0,0,0,hit,0.4166666666666667,1,2
eager_full,45,0,3.5,1,0,0,hit,0.4583333333333333,1,2
eager_full,15,0,4.0,0,0,0,hit,0.5833333333333334,1,2
eager_full,19,0,4.0,2,0,0,hit,0.5833333333333334,1,2
eager_full,33,0,4.0,3,0,0,hit,0.3333333333333333,1,2
eager_full,16,0,4.5,3,0,0,hit,0.4666666666666662,1,2
eager_full,1,0,5.5,0,0,0,hit,0.4166666666666667,1,2
eager_full,38,0,6.5,1,0,0,hit,0.5416666666666666,1,2
eager_full,12,0,7.0,0,0,0,hit,0.4583333333333333,1,2
eager_full,34,0,7.5,2,0,0,hit,0.4166666666666667,1,2
eager_full,44,1,7.5,1,13,13,hit,0.3916666666666666,1,2
eager_full,42,0,8.0,0,0,0,hit,0.4583333333333333,1,2
eager_full,28,0,9.5,0,0,0,hit,0.375,1,2
eager_full,4,0,10.5,0,0,0,hit,0.6666666666666666,1,2
eager_full,25,0,10.5,1,0,0,hit,0.5416666666666666,1,2
eager_full,39,0,11.0,2,0,0,hit,0.3333333333333333,1,2
eager_full,30,0,11.5,3,0,0,hit,0.3333333333333333,1,2
eager_full,8,0,12.0,0,0,0,hit,0.375,1,2
eager_full,23,1,12.0,1,18,18,hit,0.20833333333333334,1,2
eager_full,46,0,12.0,2,0,0,hit,0.4583333333333333,1,2
eager_full,7,1,13.0,2,17,17,hit,0.4499999999999999,1,2
eager_full,27,0,13.5,0,0,0,hit,0.5416666666666666,1,2
eager_full,31,0,13.5,1,0,0,hit,0.3333333333333333,1,2
eager_full,13,0,14.0,2,0,0,hit,0.375,1,2
eager_full,38,1,14.5,1,19,19,hit,0.3333333333333333,1,2
eager_full,0,1,15.0,0,17,12,restore,0.5119047619047619,1,2
eager_full,9,0,16.5,0,0,0,hit,0.6666666666666666,1,2
eager_full,15,1,18.5,1,17,17,hit,0.16666666666666666,1,2
eager_full,39,1,18.5,2,14,14,hit,0.3333333333333333,1,2
eager_full,12,1,19.0,1,13,13,hit,0.39166666666666927,1,2
eager_full,25,1,19.5,0,18,18,hit,0.3333333333333333,1,2
eager_full,33,1,19.5,3,11,11,hit,0.3333333333333333,1,2
eager_full,24,0,20.0,1,0,0,hit,0.5833333333333334,1,2
eager_full,42,1,20.0,0,13,0,restore,1.0059523809523798,1,2
eager_full,3,0,20.5,2,0,0,hit,0.625,1,2
eager_full,40,0,22.0,0,0,0,hit,0.5833333333333334,1,2
eager_full,45,1,22.0,1,18,0,restore,0.8928571428571429,1,2
eager_full,30,1,22.5,3,11,11,hit,0.2916666666666667,1,2
eager_full,9,1,23.0,0,22,0,restore,1.2440476190476177,1,2
eager_full,37,0,24.5,1,0,0,hit,0.4583333333333333,1,2
eager_full,1,1,25.0,0,16,0,restore,0.9464285714285714,1,2
eager_full,44,2,25.0,1,24,0,restore,1.24047619047619,1,2
eager_full,8,1,25.5,2,13,0,recompute,1.4583333333333333,1,2
eager_full,11,1,25.5,0,20,0,restore,2.0357142857142874,0,2
eager_full,14,0,25.5,3,0,0,hit,0.5833333333333334,1,2
eager_full,0,2,27.0,0,28,0,restore,2.210714285714289,0,2
eager_full,42,2,27.0,1,24,0,recompute,2.375,0,2
eager_full,34,1,27.5,2,17,17,hit,0.43333333333333357,1,2
eager_full,24,1,28.5,2,20,0,transfer,1.1666666666666667,1,2
eager_full,15,2,29.5,0,27,18,recompute,1.2690476190476236,1,2
eager_full,18,0,29.5,3,0,0,hit,0.3333333333333333,1,2
eager_full,4,1,30.5,0,22,0,restore,1.8630952380952428,1,2
eager_full,1,2,31.0,1,30,1,restore+recompute,2.0773809523809526,0,2
eager_full,22,0,31.5,2,0,0,hit,0.4166666666666667,1,2
eager_full,25,2,31.5,3,31,0,transfer+recompute,2.65,0,2
eager_full,17,0,34.0,0,0,0,hit,0.5416666666666666,1,2
eager_full,11,2,36.0,0,32,0,restore,1.3928571428571428,1,2
eager_full,27,1,37.5,0,17,0,restore,1.4333333333333378,1,2
eager_full,24,2,38.0,2,29,29,hit,0.125,1,2
eager_full,3,1,38.5,2,20,0,restore,0.9226190476190477,1,2
eager_full,0,3,39.0,0,43,10,restore,1.7369047619047657,1,2
eager_full,13,1,40.0,2,11,0,restore,0.8488095238095299,1,2
eager_full,29,0,40.0,1,0,0,hit,0.3333333333333333,1,2
eager_full,36,0,41.5,0,0,0,hit,0.4166666666666667,1,2
eager_full,39,2,41.5,2,29,0,restore,1.3273809523809526,1,2
eager_full,42,3,42.0,1,36,36,hit,0.125,1,2
eager_full,11,3,42.5,0,44,1,restore,1.7857142857142858,1,2
eager_full,38,2,42.5,1,30,0,restore,1.6714285714285728,1,2
eager_full,33,2,43.0,3,24,24,hit,0.3333333333333333,1,2
eager_full,45,2,43.0,1,30,0,restore,2.992857142857142,0,2
eager_full,46,1,44.5,2,18,0,restore,0.976190476190476,1,2
eager_full,8,2,46.5,3,28,20,recompute,0.9166666666666666,1,2
eager_full,9,2,47.0,0,35,0,restore,1.4166666666666667,1,2
eager_full,23,2,47.5,1,25,0,restore,1.2678571428571428,1,2
eager_full,36,1,49.0,0,15,0,restore,0.9440476190476195,1,2
eager_full,11,4,49.5,0,54,23,restore,2.1595238095238054,0,2
eager_full,30,2,49.5,3,20,18,restore,0.3214285714285714,1,2
eager_full,14,1,50.0,3,21,0,restore,1.0797619047618998,1,2
eager_full,35,0,50.5,1,0,0,hit,0.5416666666666666,1,2
eager_full,34,2,51.5,2,29,14,restore,0.7440476190476191,1,2
eager_full,44,3,51.5,1,32,0,restore,1.4345238095238095,1,2
eager_full,0,4,52.0,0,50,26,restore,1.2083333333333268,1,2
eager_full,26,0,52.5,3,0,0,hit,0.5416666666666666,1,2
eager_full,31,1,52.5,2,10,0,recompute,1.4440476190476235,1,2
eager_full,15,3,54.5,0,38,0,restore,1.523809523809524,1,2
eager_full,39,3,54.5,2,43,11,restore,1.2678571428571428,1,2
eager_full,35,1,56.5,1,15,15,hit,0.3333333333333333,1,2
eager_full,17,1,58.0,0,19,0,restore,0.8452380952380952,1,2
eager_full,30,3,58.0,3,29,29,hit,0.375,1,2
eager_full,5,0,60.0,0,0,0,hit,0.3333333333333333,1,2
eager_full,9,3,60.0,0,46,0,restore,2.4011904761904757,0,2
eager_full,44,4,60.0,1,44,44,hit,0.3333333333333333,1,2
eager_full,38,3,60.5,1,44,0,restore,2.154761904761907,0,2
eager_full,11,5,62.5,0,63,0,restore,2.8595238095238122,0,2
eager_full,19,1,64.0,2,19,0,restore,0.8035714285714286,1,2
eager_full,35,2,64.5,1,29,0,restore,1.3690476190476188,1,2
eager_full,30,4,65.5,3,44,44,hit,0.25,1,2
eager_full,13,2,66.0,2,24,7,restore,0.9821428571428571,1,2
eager_full,22,1,66.5,0,12,0,restore+recompute,0.7321428571428572,1,2
eager_full,44,5,68.5,1,57,0,restore,2.327380952380952,0,2
eager_full,11,6,69.5,0,71,34,restore,1.5714285714285714,1,2
eager_full,33,3,69.5,3,38,0,restore,1.6904761904761905,1,2
eager_full,47,0,69.5,2,0,0,hit,0.5,1,2
eager_full,14,2,71.5,0,29,24,restore+recompute,0.5654761904761885,1,2
eager_full,36,2,72.0,0,26,0,restore,1.4023809523809545,1,2
eager_full,17,2,73.0,0,29,0,restore,2.1714285714285766,0,2
eager_full,37,1,73.5,1,14,0,restore,0.8333333333333333,1,2
eager_full,38,4,74.0,1,54,0,restore,3.1535714285714183,0,2
eager_full,35,3,75.5,0,41,0,restore,1.8392857142857142,1,2
eager_full,10,0,76.0,2,0,0,hit,0.4583333333333333,1,2
eager_full,39,4,76.0,2,52,0,restore,3.3904761904761886,0,2
eager_full,16,1,77.5,3,14,0,restore,0.625,1,2
eager_full,28,1,82.0,0,13,0,restore,0.6726190476190477,1,2
eager_full,37,2,82.0,1,28,0,restore,1.1666666666666667,1,2
eager_full,13,3,82.5,2,38,0,restore,1.6071428571428572,1,2
eager_full,31,2,84.5,1,16,0,restore+recompute,1.0654761904761905,1,2
eager_full,43,0,84.5,0,0,0,hit,0.625,1,2
eager_full,39,5,85.5,2,68,68,hit,0.125,1,2
eager_full,18,1,86.0,3,13,0,restore,0.5892857142857143,1,2
eager_full,38,5,86.0,1,68,0,restore,2.595238095238095,0,2
eager_full,33,4,86.5,3,49,5,restore,2.327380952380946,0,2
eager_full,2,0,87.0,0,0,0,hit,0.625,1,2
eager_full,31,3,90.5,1,23,23,hit,0.20833333333333334,1,2
eager_full,11,7,94.0,0,82,0,restore,3.136904761904762,0,2
eager_full,18,2,95.5,3,21,10,restore,0.7261904761904762,1,2
eager_full,10,1,96.0,2,18,0,restore,0.9761904761904763,1,2
eager_full,41,0,96.5,1,0,0,hit,0.4583333333333333,1,2
eager_full,40,1,97.0,0,19,0,restore,1.348809523809524,1,2
eager_full,35,4,98.5,0,54,0,restore,2.3023809523809557,0,2
eager_full,36,3,99.5,2,35,0,restore,1.5,1,2
eager_full,33,5,101.0,3,58,58,hit,0.20833333333333334,1,2
eager_full,39,6,102.0,2,75,55,restore,1.005952380952381,1,2
eager_full,38,6,108.0,1,78,76,restore,0.19642857142857142,1,2
eager_full,47,1,112.5,2,19,19,hit,0.125,1,2
eager_full,29,1,115.0,1,14,0,restore,0.7916666666666667,1,2
eager_full,31,4,118.5,1,35,0,restore,1.375,1,2
eager_full,38,7,122.5,1,88,44,restore,1.6964285714285714,1,2
eager_full,35,5,133.0,0,62,22,restore,1.7619047619047619,1,2
eager_full,28,2,134.5,0,23,0,restore,1.6083333333333363,1,2
eager_full,5,1,135.0,1,11,0,recompute,1.25,1,2
eager_full,35,6,144.0,0,74,30,restore,1.8630952380952381,1,2
eager_full,36,4,153.0,2,44,0,restore,1.9464285714285714,1,2
eager_full,29,2,163.5,0,25,0,restore,1.0595238095238095,1,2
eager_full,5,2,164.5,1,21,21,hit,0.375,1,2
eager_full,10,2,167.0,2,30,0,restore,1.1964285714285714,1,2
eager_full,36,5,170.5,2,56,4,restore,2.232142857142857,0,2
eager_full,47,2,174.0,0,26,26,hit,0.3333333333333333,1,2
eager_full,36,6,192.0,2,67,67,hit,0.20833333333333334,1,2
eager_full,47,3,204.0,0,38,38,hit,0.125,1,2
eager_full,10,3,204.5,2,36,36,hit,0.125,1,2
eager_full,29,3,215.5,0,32,32,hit,0.125,1,2
repkv,11,0,0.5,0,0,0,hit,0.625,1,2
repkv,44,0,0.5,1,0,0,hit,0.4166666666666667,1,2
repkv,7,0,1.0,2,0,0,hit,0.5416666666666666,1,2
repkv,21,0,1.0,3,0,0,hit,0.5416666666666666,1,2
repkv,23,0,1.0,1,0,0,hit,0.8416666666666668,1,2
repkv,6,0,1.5,0,0,0,hit,0.5416666666666667,1,2
repkv,32,0,1.5,3,0,0,hit,1.0083333333333333,1,2
repkv,20,0,2.0,2,0,0,hit,0.625,1,2
repkv,0,0,2.5,0,0,0,hit,0.4166666666666667,1,2
repkv,45,0,3.5,1,0,0,hit,0.4583333333333333,1,2
repkv,15,0,4.0,0,0,0,hit,0.5833333333333334,1,2
repkv,19,0,4.0,2,0,0,hit,0.5833333333333334,1,2
repkv,33,0,4.0,3,0,0,hit,0.3333333333333333,1,2
repkv,16,0,4.5,3,0,0,hit,0.4666666666666662,1,2
repkv,1,0,5.5,0,0,0,hit,0.4166666666666667,1,2
repkv,38,0,6.5,1,0,0,hit,0.5416666666666666,1,2
repkv,12,0,7.0,0,0,0,hit,0.4583333333333333,1,2
repkv,34,0,7.5,2,0,0,hit,0.4166666666666667,1,2
repkv,44,1,7.5,1,13,13,hit,0.3916666666666666,1,2
repkv,42,0,8.0,0,0,0,hit,0.4583333333333333,1,2
repkv,28,0,9.5,0,0,0,hit,0.375,1,2
repkv,4,0,10.5,0,0,0,hit,0.6666666666666666,1,2
repkv,25,0,10.5,1,0,0,hit,0.5416666666666666,1,2
repkv,39,0,11.0,2,0,0,hit,0.3333333333333333,1,2
repkv,30,0,11.5,3,0,0,hit,0.3333333333333333,1,2
repkv,8,0,12.0,0,0,0,hit,0.375,1,2
repkv,23,1,12.0,1,18,18,hit,0.20833333333333334,1,2
repkv,46,0,12.0,2,0,0,hit,0.4583333333333333,1,2
repkv,7,1,13.0,2,17,17,hit,0.4499999999999999,1,2
repkv,27,0,13.5,0,0,0,hit,0.5416666666666666,1,2
repkv,31,0,13.5,1,0,0,hit,0.3333333333333333,1,2
repkv,13,0,14.0,2,0,0,hit,0.375,1,2
repkv,38,1,14.5,1,19,19,hit,0.3333333333333333,1,2
repkv,0,1,15.0,0,17,17,hit,0.3333333333333333,1,2
repkv,9,0,16.5,0,0,0,hit,0.6666666666666666,1,2
repkv,15,1,18.5,0,17,4,restore,0.6309523809523809,1,2
repkv,39,1,18.5,2,14,14,hit,0.3333333333333333,1,2
repkv,12,1,19.0,1,13,0,recompute,1.2083333333333333,1,2
repkv,25,1,19.5,3,18,0,transfer,1.2333333333333334,1,2
repkv,33,1,19.5,2,11,0,transfer,0.9166666666666647,1,2
repkv,24,0,20.0,0,0,0,hit,0.5833333333333334,1,2
repkv,42,1,20.0,0,13,9,restore,1.5345238095238096,1,2
repkv,3,0,20.5,1,0,0,hit,0.7333333333333307,1,2
repkv,40,0,22.0,1,0,0,hit,0.5833333333333334,1,2
repkv,45,1,22.0,2,18,0,transfer,1.15,1,2
repkv,30,1,22.5,3,11,11,hit,0.2916666666666667,1,2
repkv,9,1,23.0,0,22,22,hit,0.375,1,2
repkv,37,0,24.5,0,0,0,hit,0.4583333333333333,1,2
repkv,1,1,25.0,0,16,0,restore,1.2047619047619043,1,2
repkv,44,2,25.0,1,24,0,restore,0.9821428571428571,1,2
repkv,8,1,25.5,2,13,0,recompute,1.4583333333333333,1,2
repkv,11,1,25.5,3,20,0,recompute,2.041666666666667,0,2
repkv,14,0,25.5,1,0,0,hit,1.5654761904761911,1,2
repkv,0,2,27.0,0,28,24,restore,0.5178571428571428,1,2
repkv,42,2,27.0,0,24,16,restore,1.7785714285714294,1,2
repkv,34,1,27.5,2,17,13,restore,0.5761904761904764,1,2
repkv,24,1,28.5,0,20,0,restore,1.4595238095238103,1,2
repkv,15,2,29.5,0,27,15,restore,1.5964285714285706,1,2
repkv,18,0,29.5,1,0,0,hit,0.3333333333333333,1,2
repkv,4,1,30.5,1,22,0,recompute,2.0416666666666665,0,2
repkv,1,2,31.0,0,30,14,restore,1.6428571428571443,1,2
repkv,22,0,31.5,2,0,0,hit,0.4166666666666667,1,2
repkv,25,2,31.5,3,31,31,hit,0.16666666666666666,1,2
repkv,17,0,34.0,0,0,0,hit,0.5416666666666666,1,2
repkv,11,2,36.0,3,32,32,hit,0.25,1,2
repkv,27,1,37.5,0,17,0,restore,0.9404761904761905,1,2
repkv,24,2,38.0,0,29,17,restore,1.4940476190476184,1,2
repkv,3,1,38.5,1,20,16,restore,0.35119047619047616,1,2
repkv,0,3,39.0,0,43,19,restore,1.6761904761904804,1,2
repkv,13,1,40.0,2,11,0,restore,0.7261904761904762,1,2
repkv,29,0,40.0,1,0,0,hit,0.3333333333333333,1,2
repkv,36,0,41.5,0,0,0,hit,0.4166666666666667,1,2
repkv,39,2,41.5,2,29,0,restore,1.3273809523809526,1,2
repkv,42,3,42.0,0,36,0,restore,1.8273809523809499,1,2
repkv,11,3,42.5,3,44,44,hit,0.25,1,2
repkv,38,2,42.5,1,30,0,restore,1.4464285714285714,1,2
repkv,33,2,43.0,2,24,0,restore,1.7178571428571423,1,2
repkv,45,2,43.0,3,30,0,recompute,2.8999999999999986,0,2
repkv,46,1,44.5,2,18,6,restore,1.579761904761905,1,2
repkv,8,2,46.5,2,28,0,restore,1.529761904761905,1,2
repkv,9,2,47.0,0,35,0,restore,1.4166666666666667,1,2
repkv,23,2,47.5,1,25,0,restore,1.2678571428571428,1,2
repkv,36,1,49.0,0,15,0,restore,0.9440476190476195,1,2
repkv,11,4,49.5,3,54,54,hit,0.20833333333333334,1,2
repkv,30,2,49.5,3,20,0,restore,1.5726190476190487,1,2
repkv,14,1,50.0,1,21,0,restore,0.9583333333333334,1,2
repkv,35,0,50.5,0,0,0,hit,0.5416666666666666,1,2
repkv,34,2,51.5,2,29,16,restore,0.6726190476190477,1,2
repkv,44,3,51.5,1,32,0,restore,1.4345238095238095,1,2
repkv,0,4,52.0,0,50,50,hit,0.2916666666666667,1,2
repkv,26,0,52.5,3,0,0,hit,0.5416666666666666,1,2
repkv,31,1,52.5,0,10,0,recompute,1.0916666666666615,1,2
repkv,15,3,54.5,0,38,0,restore,1.523809523809524,1,2
repkv,39,3,54.5,2,43,31,restore,0.5535714285714286,1,2
repkv,35,1,56.5,0,15,0,restore,0.8928571428571446,1,2
repkv,17,1,58.0,0,19,0,restore,0.8452380952380952,1,2
repkv,30,3,58.0,3,29,29,hit,0.375,1,2
repkv,5,0,60.0,0,0,0,hit,0.3333333333333333,1,2
repkv,9,3,60.0,0,46,25,restore,1.5083333333333329,1,2
repkv,44,4,60.0,1,44,44,hit,0.3333333333333333,1,2
repkv,38,3,60.5,1,44,32,restore,1.0119047619047643,1,2
repkv,11,5,62.5,3,63,63,hit,0.20833333333333334,1,2
repkv,19,1,64.0,2,19,0,restore,0.8035714285714286,1,2
repkv,35,2,64.5,0,29,14,restore,0.8690476190476191,1,2
repkv,30,4,65.5,3,44,44,hit,0.25,1,2
repkv,13,2,66.0,2,24,8,restore,0.9464285714285714,1,2
repkv,22,1,66.5,0,12,0,recompute,1.2083333333333333,1,2
repkv,44,5,68.5,1,57,57,hit,0.2916666666666667,1,2
repkv,11,6,69.5,3,71,71,hit,0.25,1,2
repkv,33,3,69.5,2,38,0,restore,1.6904761904761905,1,2
repkv,47,0,69.5,0,0,0,hit,0.5,1,2
repkv,14,2,71.5,1,29,9,restore,0.8392857142857143,1,2
repkv,36,2,72.0,0,26,0,restore,1.1369047619047619,1,2
repkv,17,2,73.0,0,29,1,restore,1.8702380952380981,1,2
repkv,37,1,73.5,1,14,0,recompute,1.5,1,2
repkv,38,4,74.0,1,54,20,restore,3.1059523809523752,0,2
repkv,35,3,75.5,0,41,3,restore,1.7321428571428572,1,2
repkv,10,0,76.0,2,0,0,hit,0.4583333333333333,1,2
repkv,39,4,76.0,2,52,0,restore,3.3904761904761886,0,2
repkv,16,1,77.5,3,14,0,restore,0.625,1,2
repkv,28,1,82.0,0,13,0,restore,0.6726190476190477,1,2
repkv,37,2,82.0,1,28,28,hit,0.16666666666666666,1,2
repkv,13,3,82.5,2,38,17,restore,1.0,1,2
repkv,31,2,84.5,0,16,0,restore,0.7797619047619048,1,2
repkv,43,0,84.5,1,0,0,hit,0.625,1,2
repkv,39,5,85.5,2,68,52,restore,0.6964285714285714,1,2
repkv,18,1,86.0,1,13,0,restore,0.5892857142857143,1,2
repkv,38,5,86.0,1,68,61,restore,1.505952380952375,1,2
repkv,33,4,86.5,2,49,29,restore,0.977380952380956,1,2
repkv,2,0,87.0,0,0,0,hit,0.625,1,2
repkv,31,3,90.5,0,23,23,hit,0.20833333333333334,1,2
repkv,11,7,94.0,3,82,78,restore,0.35119047619047616,1,2
repkv,18,2,95.5,1,21,21,hit,0.3333333333333333,1,2
repkv,10,1,96.0,2,18,0,restore,0.9761904761904763,1,2
repkv,41,0,96.5,0,0,0,hit,0.4583333333333333,1,2
repkv,40,1,97.0,1,19,0,restore,1.0119047619047619,1,2
repkv,35,4,98.5,0,54,46,restore,0.4107142857142857,1,2
repkv,36,3,99.5,0,35,5,restore,1.3214285714285714,1,2
repkv,33,5,101.0,2,58,44,restore,0.7083333333333334,1,2
repkv,39,6,102.0,2,75,36,restore,1.7928571428571438,1,2
repkv,38,6,108.0,1,78,69,restore,0.44642857142857145,1,2
repkv,47,1,112.5,0,19,4,restore,0.6607142857142857,1,2
repkv,29,1,115.0,1,14,0,restore,0.7916666666666667,1,2
repkv,31,4,118.5,0,35,27,restore,0.4107142857142857,1,2
repkv,38,7,122.5,1,88,88,hit,0.125,1,2
repkv,35,5,133.0,0,62,47,restore,0.8690476190476191,1,2
repkv,28,2,134.5,0,23,0,restore,0.9464285714285714,1,2
repkv,5,1,135.0,1,11,0,recompute,1.25,1,2
repkv,35,6,144.0,0,74,70,restore,0.43452380952380953,1,2
repkv,36,4,153.0,0,44,0,restore,1.9464285714285714,1,2
repkv,29,2,163.5,1,25,13,restore,0.5952380952380952,1,2
repkv,5,2,164.5,1,21,21,hit,0.375,1,2
repkv,10,2,167.0,2,30,0,restore,1.1964285714285714,1,2
repkv,36,5,170.5,0,56,56,hit,0.375,1,2
repkv,47,2,174.0,0,26,8,restore,0.9761904761904763,1,2
repkv,36,6,192.0,0,67,67,hit,0.20833333333333334,1,2
repkv,47,3,204.0,0,38,38,hit,0.125,1,2
repkv,10,3,204.5,2,36,36,hit,0.125,1,2
repkv,29,3,215.5,1,32,32,hit,0.125,1,2
on_demand,6,0,0.5,0,0,0,hit,0.4166666666666667,1,3
on_demand,3,0,3.0,0,0,0,hit,0.4583333333333333,1,3
on_demand,23,0,3.0,1,0,0,hit,0.6666666666666666,1,3
on_demand,41,0,3.0,2,0,0,hit,0.5833333333333334,1,3
on_demand,46,0,3.0,3,0,0,hit,0.625,1,3
on_demand,27,0,3.5,2,0,0,hit,1.0000000000000007,1,3
on_demand,47,0,3.5,3,0,0,hit,1.125,1,3
on_demand,22,0,4.0,0,0,0,hit,0.5333333333333332,1,3
on_demand,25,0,4.0,1,0,0,hit,0.6833333333333333,1,3
on_demand,42,0,4.5,2,0,0,hit,0.7166666666666675,1,3
on_demand,9,0,5.5,0,0,0,hit,0.5416666666666666,1,3
on_demand,10,0,7.0,0,0,0,hit,0.625,1,3
on_demand,39,0,7.0,1,0,0,hit,0.625,1,3
on_demand,13,0,7.5,2,0,0,hit,0.4166666666666667,1,3
on_demand,31,0,8.5,0,0,0,hit,0.4166666666666667,1,3
on_demand,8,0,9.0,1,0,0,hit,0.3333333333333333,1,3
on_demand,4,0,9.5,0,0,0,hit,0.375,1,3
on_demand,5,0,9.5,2,0,0,hit,0.4166666666666667,1,3
on_demand,7,0,10.0,1,0,0,hit,0.375,1,3
on_demand,18,0,10.0,3,0,0,hit,0.3333333333333333,1,3
on_demand,26,0,10.5,0,0,0,hit,0.5,1,3
on_demand,41,1,10.5,2,19,19,hit,0.49166666666666536,1,3
on_demand,32,0,11.5,1,0,0,hit,0.5416666666666666,1,3
on_demand,28,0,12.5,0,0,0,hit,0.6666666666666666,1,3
on_demand,30,0,13.0,1,0,0,hit,0.625,1,3
on_demand,6,1,16.0,0,12,12,hit,0.20833333333333334,1,3
on_demand,4,1,16.5,0,11,11,hit,0.6000000000000003,1,3
on_demand,21,0,17.5,0,0,0,hit,0.6666666666666666,1,3
on_demand,12,0,18.0,1,0,0,hit,0.5416666666666666,1,3
on_demand,32,1,18.0,2,15,0,transfer,1.125,1,3
on_demand,31,1,19.5,0,15,15,hit,0.2916666666666667,1,3
on_demand,7,1,20.0,1,11,11,hit,0.20833333333333334,1,3
on_demand,13,1,20.5,2,12,12,hit,0.375,1,3
on_demand,45,0,20.5,0,0,0,hit,0.6666666666666666,1,3
on_demand,28,1,22.0,0,18,18,hit,0.3333333333333333,1,3
on_demand,24,0,22.5,1,0,0,hit,0.4166666666666667,1,3
on_demand,21,1,23.5,0,18,18,hit,0.125,1,3
on_demand,11,0,24.0,1,0,0,hit,0.625,1,3
on_demand,14,0,24.5,0,0,0,hit,0.5,1,3
on_demand,0,0,25.0,2,0,0,hit,0.5416666666666666,1,3
on_demand,41,2,26.0,2,35,35,hit,0.39166666666666927,1,3
on_demand,31,2,27.0,0,27,27,hit,0.16666666666666666,1,3
on_demand,4,2,28.5,0,22,21,restore,0.1607142857142857,1,3
on_demand,32,2,29.0,2,29,29,hit,0.20833333333333334,1,3
on_demand,47,1,29.5,3,19,19,hit,0.125,1,3
on_demand,21,2,30.0,0,26,26,hit,0.375,1,3
on_demand,16,0,30.5,1,0,0,hit,0.5833333333333334,1,3
on_demand,33,0,32.0,0,0,0,hit,0.3333333333333333,1,3
on_demand,22,1,32.5,0,13,0,restore,0.7892857142857195,1,3
on_demand,26,1,33.0,0,19,0,restore,1.7428571428571453,1,3
on_demand,35,0,33.5,1,0,0,hit,0.3333333333333333,1,3
on_demand,31,3,34.5,0,33,9,restore,1.9250000000000074,1,3
on_demand,23,1,36.5,1,22,0,restore,1.119047619047619,1,3
on_demand,5,1,39.0,2,17,16,restore,0.20238095238095238,1,3
on_demand,44,0,39.0,0,0,0,hit,0.6666666666666666,1,3
on_demand,13,2,39.5,2,25,25,hit,0.577380952380949,1,3
on_demand,1,0,40.0,0,0,0,hit,0.3333333333333333,1,3
on_demand,36,0,40.0,1,0,0,hit,0.375,1,3
on_demand,31,4,40.5,0,43,43,hit,0.4000000000000009,1,3
on_demand,41,3,41.5,2,46,44,restore,0.3214285714285714,1,3
on_demand,28,2,42.0,0,29,0,restore,1.1607142857142858,1,3
on_demand,38,0,42.0,1,0,0,hit,0.625,1,3
on_demand,33,1,44.5,0,10,0,restore,0.48214285714285715,1,3
on_demand,0,1,45.5,2,19,0,restore,0.9702380952380953,1,3
on_demand,13,3,45.5,2,36,36,hit,1.395238095238092,1,3
on_demand,1,1,46.0,0,12,12,hit,0.2916666666666667,1,3
on_demand,14,1,46.0,1,15,0,recompute,1.375,1,3
on_demand,41,4,48.0,2,56,56,hit,0.16666666666666666,1,3
on_demand,37,0,49.0,0,0,0,hit,0.3333333333333333,1,3
on_demand,18,1,49.5,3,14,14,hit,0.125,1,3
on_demand,23,2,50.5,1,34,34,hit,0.16666666666666666,1,3
on_demand,13,4,51.5,2,41,41,hit,0.16666666666666666,1,3
on_demand,17,0,51.5,0,0,0,hit,0.3333333333333333,1,3
on_demand,24,1,51.5,1,15,1,restore,0.7916666666666667,1,3
on_demand,1,2,52.0,0,26,26,hit,0.32500000000000523,1,3
on_demand,2,0,54.5,0,0,0,hit,0.4166666666666667,1,3
on_demand,21,3,55.0,0,42,0,restore,2.2833333333333337,0,3
on_demand,22,2,57.5,0,24,0,restore,1.148809523809519,1,3
on_demand,44,1,58.0,1,19,0,recompute,1.8333333333333333,1,3
on_demand,21,4,62.0,0,49,49,hit,0.20833333333333334,1,3
on_demand,1,3,63.0,0,38,38,hit,0.125,1,3
on_demand,6,2,63.0,0,23,0,restore,1.4547619047619018,1,3
on_demand,23,3,63.5,1,42,42,hit,0.2916666666666667,1,3
on_demand,46,1,63.5,3,20,20,hit,0.2916666666666667,1,3
on_demand,34,0,64.5,1,0,0,hit,0.5416666666666666,1,3
on_demand,9,1,65.0,0,20,0,restore,0.9642857142857143,1,3
on_demand,7,2,65.5,1,19,0,restore,0.8452380952381,1,3
on_demand,11,1,67.5,1,22,0,restore,0.9107142857142857,1,3
on_demand,24,2,68.5,1,28,0,restore,1.7190476190476194,1,3
on_demand,25,1,68.5,0,15,0,recompute,1.4583333333333333,1,3
on_demand,0,2,72.5,2,29,29,hit,0.2916666666666667,1,3
on_demand,21,5,73.5,0,57,17,restore,1.5535714285714286,1,3
on_demand,34,1,73.5,1,18,18,hit,0.25,1,3
on_demand,36,1,74.5,1,13,0,restore,0.7559523809523809,1,3
on_demand,29,0,75.0,2,0,0,hit,0.5833333333333334,1,3
on_demand,20,0,76.5,0,0,0,hit,0.6666666666666666,1,3
on_demand,1,4,77.5,0,44,0,restore,1.8880952380952485,1,3
on_demand,5,2,77.5,2,26,0,restore,1.0535714285714286,1,3
on_demand,3,1,78.0,1,18,0,recompute,1.75,1,3
on_demand,6,3,79.0,0,32,0,restore,2.29761904761905,0,3
on_demand,21,6,81.5,0,64,31,restore,1.667857142857152,1,3
on_demand,10,1,82.0,1,22,0,recompute,2.208333333333333,0,3
on_demand,36,2,83.5,2,22,0,transfer,1.225,1,3
on_demand,40,0,83.5,3,0,0,hit,0.5833333333333334,1,3
on_demand,1,5,84.0,0,56,29,restore,1.2142857142857144,1,3
on_demand,15,0,84.0,3,0,0,hit,1.2083333333333286,1,3
on_demand,34,2,84.5,1,26,26,hit,0.5999999999999897,1,3
on_demand,38,1,84.5,1,20,0,restore,2.147619047619042,0,3
on_demand,20,1,85.0,0,20,0,restore,1.8202380952380837,1,3
on_demand,37,1,85.0,2,10,0,recompute,1.108333333333325,1,3
on_demand,14,2,85.5,3,25,0,recompute,2.416666666666667,0,3
on_demand,16,1,86.0,1,21,0,restore,2.347619047619048,0,3
on_demand,21,7,88.5,0,78,46,restore,1.3095238095238095,1,3
on_demand,24,3,88.5,1,38,0,restore,1.7964285714285693,1,3
on_demand,26,2,89.5,0,35,0,restore,2.5928571428571465,0,3
on_demand,29,1,90.0,2,21,21,hit,0.16666666666666666,1,3
on_demand,34,3,90.5,1,38,33,restore,0.749999999999998,1,3
on_demand,46,2,90.5,3,30,30,hit,0.25,1,3
on_demand,7,3,91.5,1,24,0,restore,1.4738095238095268,1,3
on_demand,37,2,92.0,2,21,21,hit,0.375,1,3
on_demand,9,2,94.5,0,30,0,restore,1.3630952380952381,1,3
on_demand,5,3,96.0,2,35,35,hit,0.3333333333333333,1,3
on_demand,24,4,97.0,1,49,49,hit,0.375,1,3
on_demand,0,3,97.5,2,41,15,restore,1.1785714285714286,1,3
on_demand,20,2,104.5,0,33,0,restore,1.3452380952380953,1,3
on_demand,43,0,108.5,0,0,0,hit,0.6666666666666666,1,3
on_demand,29,2,110.5,2,32,6,restore,1.2202380952380953,1,3
on_demand,36,3,110.5,1,28,0,restore+recompute,1.5773809523809523,1,3
on_demand,26,3,112.0,0,46,46,hit,0.16666666666666666,1,3
on_demand,29,3,116.5,2,44,44,hit,0.25,1,3
on_demand,5,4,117.5,2,50,49,restore,0.24404761904761907,1,3
on_demand,24,5,118.0,1,60,60,hit,0.125,1,3
on_demand,34,4,118.5,1,54,18,restore,1.6773809523809469,1,3
on_demand,10,2,120.0,1,37,0,restore,2.02380952380952,0,3
on_demand,15,1,121.0,3,17,17,hit,0.25,1,3
on_demand,36,4,122.5,1,39,0,restore,1.7833333333333308,1,3
on_demand,20,3,123.0,0,40,40,hit,0.375,1,3
on_demand,40,1,123.0,3,19,19,hit,0.125,1,3
on_demand,38,2,126.0,1,35,0,restore,1.5833333333333333,1,3
on_demand,24,6,127.5,1,69,0,restore,3.114285714285715,0,3
on_demand,14,3,128.5,3,39,39,hit,0.25,1,3
on_demand,34,5,129.0,1,62,0,restore,4.803571428571437,0,3
on_demand,15,2,130.0,3,26,26,hit,0.2916666666666667,1,3
on_demand,9,3,139.5,0,42,33,restore,0.5714285714285714,1,3
on_demand,16,2,155.0,1,30,0,restore,1.3630952380952381,1,3
on_demand,40,2,155.5,3,25,25,hit,0.25,1,3
on_demand,38,3,157.5,1,47,0,restore,1.8452380952380953,1,3
on_demand,43,1,160.5,0,18,0,restore,0.9345238095238095,1,3
on_demand,36,5,164.5,1,50,0,restore,1.994047619047619,1,3
on_demand,43,2,173.5,0,31,31,hit,0.3333333333333333,1,3
on_demand,38,4,175.5,1,54,54,hit,0.16666666666666666,1,3
on_demand,36,6,178.5,1,58,58,hit,0.375,1,3
on_demand,19,0,179.5,0,0,0,hit,0.4583333333333333,1,3
on_demand,43,3,184.0,0,44,44,hit,0.3333333333333333,1,3
on_demand,19,1,186.0,0,16,16,hit,0.20833333333333334,1,3
on_demand,43,4,197.5,0,55,55,hit,0.16666666666666666,1,3
on_demand,19,2,207.0,0,27,27,hit,0.25,1,3
on_demand,40,3,212.5,3,33,33,hit,0.125,1,3
on_demand,19,3,217.5,0,40,40,hit,0.2916666666666667,1,3
on_demand,19,4,223.5,0,54,54,hit,0.16666666666666666,1,3
on_demand,19,5,235.5,0,60,60,hit,0.25,1,3
eager_full,6,0,0.5,0,0,0,hit,0.4166666666666667,1,3
eager_full,3,0,3.0,0,0,0,hit,0.4583333333333333,1,3
eager_full,23,0,3.0,1,0,0,hit,0.6666666666666666,1,3
eager_full,41,0,3.0,2,0,0,hit,0.5833333333333334,1,3
eager_full,46,0,3.0,3,0,0,hit,0.625,1,3
eager_full,27,0,3.5,2,0,0,hit,1.0000000000000007,1,3
eager_full,47,0,3.5,3,0,0,hit,1.125,1,3
eager_full,22,0,4.0,0,0,0,hit,0.5333333333333332,1,3
eager_full,25,0,4.0,1,0,0,hit,0.6833333333333333,1,3
eager_full,42,0,4.5,2,0,0,hit,0.7166666666666675,1,3
eager_full,9,0,5.5,0,0,0,hit,0.5416666666666666,1,3
eager_full,10,0,7.0,0,0,0,hit,0.625,1,3
eager_full,39,0,7.0,1,0,0,hit,0.625,1,3
eager_full,13,0,7.5,2,0,0,hit,0.4166666666666667,1,3
eager_full,31,0,8.5,0,0,0,hit,0.4166666666666667,1,3
eager_full,8,0,9.0,1,0,0,hit,0.3333333333333333,1,3
eager_full,4,0,9.5,0,0,0,hit,0.375,1,3
eager_full,5,0,9.5,2,0,0,hit,0.4166666666666667,1,3
eager_full,7,0,10.0,1,0,0,hit,0.375,1,3
eager_full,18,0,10.0,3,0,0,hit,0.3333333333333333,1,3
eager_full,26,0,10.5,0,0,0,hit,0.5,1,3
eager_full,41,1,10.5,2,19,19,hit,0.49166666666666536,1,3
eager_full,32,0,11.5,1,0,0,hit,0.5416666666666666,1,3
eager_full,28,0,12.5,0,0,0,hit,0.6666666666666666,1,3
eager_full,30,0,13.0,1,0,0,hit,0.625,1,3
eager_full,6,1,16.0,1,12,12,hit,0.20833333333333334,1,3
eager_full,4,1,16.5,0,11,11,hit,0.2916666666666667,1,3
eager_full,21,0,17.5,0,0,0,hit,0.6666666666666666,1,3
eager_full,12,0,18.0,1,0,0,hit,0.5416666666666666,1,3
eager_full,32,1,18.0,2,15,0,transfer,1.125,1,3
eager_full,31,1,19.5,1,15,12,recompute,0.5416666666666667,1,3
eager_full,7,1,20.0,0,11,0,transfer+recompute,1.025,1,3
eager_full,13,1,20.5,2,12,12,hit,0.375,1,3
eager_full,45,0,20.5,3,0,0,hit,0.6666666666666666,1,3
eager_full,28,1,22.0,1,18,17,recompute,0.41666666666666663,1,3
eager_full,24,0,22.5,0,0,0,hit,0.4166666666666667,1,3
eager_full,21,1,23.5,0,18,18,hit,0.125,1,3
eager_full,11,0,24.0,1,0,0,hit,0.625,1,3
eager_full,14,0,24.5,0,0,0,hit,0.5,1,3
eager_full,0,0,25.0,2,0,0,hit,0.5416666666666666,1,3
eager_full,41,2,26.0,2,35,35,hit,0.39166666666666927,1,3
eager_full,31,2,27.0,0,27,27,hit,0.16666666666666666,1,3
eager_full,4,2,28.5,0,22,0,restore,0.9107142857142857,1,3
eager_full,32,2,29.0,2,29,29,hit,0.20833333333333334,1,3
eager_full,47,1,29.5,3,19,19,hit,0.125,1,3
eager_full,21,2,30.0,0,26,16,restore,0.7321428571428571,1,3
eager_full,16,0,30.5,1,0,0,hit,0.5833333333333334,1,3
eager_full,33,0,32.0,0,0,0,hit,0.3333333333333333,1,3
eager_full,22,1,32.5,1,13,0,restore,0.7559523809523809,1,3
eager_full,26,1,33.0,0,19,0,restore,1.0535714285714284,1,3
eager_full,35,0,33.5,2,0,0,hit,0.3333333333333333,1,3
eager_full,31,3,34.5,1,33,27,recompute,0.625,1,3
eager_full,23,1,36.5,0,22,0,restore,1.119047619047619,1,3
eager_full,5,1,39.0,0,17,17,hit,0.16666666666666666,1,3
eager_full,44,0,39.0,1,0,0,hit,0.6666666666666666,1,3
eager_full,13,2,39.5,2,25,25,hit,0.375,1,3
eager_full,1,0,40.0,0,0,0,hit,0.3333333333333333,1,3
eager_full,36,0,40.0,1,0,0,hit,0.375,1,3
eager_full,31,4,40.5,1,43,43,hit,0.4416666666666652,1,3
eager_full,41,3,41.5,2,46,46,hit,0.25,1,3
eager_full,28,2,42.0,1,29,0,restore,1.1607142857142858,1,3
eager_full,38,0,42.0,0,0,0,hit,0.625,1,3
eager_full,33,1,44.5,0,10,10,hit,0.125,1,3
eager_full,0,1,45.5,2,19,7,restore,0.7202380952380952,1,3
eager_full,13,3,45.5,2,36,36,hit,1.145238095238092,1,3
eager_full,1,1,46.0,0,12,12,hit,0.2916666666666667,1,3
eager_full,14,1,46.0,1,15,0,transfer,0.875,1,3
eager_full,41,4,48.0,2,56,56,hit,0.16666666666666666,1,3
eager_full,37,0,49.0,0,0,0,hit,0.3333333333333333,1,3
eager_full,18,1,49.5,3,14,14,hit,0.125,1,3
eager_full,23,2,50.5,0,34,0,restore,1.3809523809523812,1,3
eager_full,13,4,51.5,2,41,41,hit,0.16666666666666666,1,3
eager_full,17,0,51.5,1,0,0,hit,0.3333333333333333,1,3
eager_full,24,1,51.5,3,15,0,recompute,1.5416666666666667,1,3
eager_full,1,2,52.0,0,26,26,hit,0.5726190476190449,1,3
eager_full,2,0,54.5,0,0,0,hit,0.4166666666666667,1,3
eager_full,21,3,55.0,0,42,0,restore,2.2833333333333337,0,3
eager_full,22,2,57.5,1,24,0,restore,1.0654761904761905,1,3
eager_full,44,1,58.0,0,19,0,recompute,1.8333333333333333,1,3
eager_full,21,4,62.0,0,49,23,restore,1.1369047619047619,1,3
eager_full,1,3,63.0,0,38,8,restore,1.6333333333333278,1,3
eager_full,6,2,63.0,1,23,0,restore,1.0297619047619047,1,3
eager_full,23,3,63.5,0,42,0,restore,3.2249999999999894,0,3
eager_full,46,1,63.5,3,20,0,restore,1.005952380952381,1,3
eager_full,34,0,64.5,1,0,0,hit,0.5416666666666666,1,3
eager_full,9,1,65.0,2,20,0,recompute,1.9166666666666667,1,3
eager_full,7,2,65.5,1,19,0,restore+recompute,1.226190476190481,1,3
eager_full,11,1,67.5,1,22,0,restore,0.9107142857142857,1,3
eager_full,24,2,68.5,3,28,28,hit,0.20833333333333334,1,3
eager_full,25,1,68.5,1,15,0,restore,1.254761904761905,1,3
eager_full,0,2,72.5,0,29,0,restore,1.3273809523809526,1,3
eager_full,21,5,73.5,0,57,0,restore,2.9880952380952346,0,3
eager_full,34,1,73.5,1,18,0,restore,0.8928571428571429,1,3
eager_full,36,1,74.5,1,13,0,restore,0.8488095238095226,1,3
eager_full,29,0,75.0,2,0,0,hit,0.5833333333333334,1,3
eager_full,20,0,76.5,1,0,0,hit,0.6666666666666666,1,3
eager_full,1,4,77.5,1,44,16,restore,1.316666666666677,1,3
eager_full,5,2,77.5,0,26,0,restore,1.0535714285714286,1,3
eager_full,3,1,78.0,2,18,0,recompute,1.75,1,3
eager_full,6,3,79.0,0,32,19,recompute,1.403571428571425,1,3
eager_full,21,6,81.5,0,64,21,restore,1.8273809523809526,1,3
eager_full,10,1,82.0,1,22,0,restore+recompute,1.7321428571428572,1,3
eager_full,36,2,83.5,1,22,0,restore,1.742857142857141,1,3
eager_full,40,0,83.5,2,0,0,hit,0.5833333333333334,1,3
eager_full,1,5,84.0,1,56,56,hit,1.7928571428571445,1,3
eager_full,15,0,84.0,3,0,0,hit,0.625,1,3
eager_full,34,2,84.5,0,26,2,recompute,2.2916666666666665,0,3
eager_full,38,1,84.5,2,20,0,recompute,2.0833333333333286,0,3
eager_full,20,1,85.0,3,20,0,recompute,1.9583333333333335,1,3
eager_full,37,1,85.0,1,10,0,restore+recompute,2.380952380952377,0,3
eager_full,14,2,85.5,0,25,0,restore+recompute,3.113095238095243,0,3
eager_full,16,1,86.0,1,21,0,restore,2.8809523809523796,0,3
eager_full,21,7,88.5,0,78,34,restore,2.451190476190473,0,3
eager_full,24,3,88.5,3,38,38,hit,0.2916666666666667,1,3
eager_full,26,2,89.5,1,35,0,restore+recompute,2.4404761904761907,0,3
eager_full,29,1,90.0,2,21,0,restore,0.9166666666666666,1,3
eager_full,34,3,90.5,0,38,0,restore,2.883333333333336,0,3
eager_full,46,2,90.5,3,30,30,hit,0.25,1,3
eager_full,7,3,91.5,1,24,0,restore,1.764285714285711,1,3
eager_full,37,2,92.0,2,21,16,transfer,0.625,1,3
eager_full,9,2,94.5,2,30,0,restore,1.3630952380952381,1,3
eager_full,5,3,96.0,0,35,0,restore,1.5833333333333333,1,3
eager_full,24,4,97.0,3,49,49,hit,0.375,1,3
eager_full,0,3,97.5,2,41,0,restore+recompute,2.2857142857142856,0,3
eager_full,20,2,104.5,3,33,16,restore,0.7738095238095237,1,3
eager_full,43,0,108.5,0,0,0,hit,0.6666666666666666,1,3
eager_full,29,2,110.5,2,32,0,restore,1.4345238095238095,1,3
eager_full,36,3,110.5,1,28,0,restore,1.2916666666666667,1,3
eager_full,26,3,112.0,0,46,38,recompute,0.8333333333333333,1,3
eager_full,29,3,116.5,2,44,44,hit,0.25,1,3
eager_full,5,4,117.5,1,50,29,recompute,1.9583333333333333,1,3
eager_full,24,5,118.0,0,60,60,hit,0.125,1,3
eager_full,34,4,118.5,2,54,44,recompute,1.0,1,3
eager_full,10,2,120.0,1,37,0,restore,1.4464285714285714,1,3
eager_full,15,1,121.0,3,17,0,restore,0.8571428571428571,1,3
eager_full,36,4,122.5,3,39,39,hit,0.16666666666666666,1,3
eager_full,20,3,123.0,3,40,6,restore,1.9559523809523884,1,3
eager_full,40,1,123.0,2,19,19,hit,0.125,1,3
eager_full,38,2,126.0,2,35,0,restore,1.5833333333333333,1,3
eager_full,24,6,127.5,0,69,69,hit,0.16666666666666666,1,3
eager_full,14,3,128.5,0,39,0,restore,1.6428571428571428,1,3
eager_full,34,5,129.0,2,62,62,hit,0.375,1,3
eager_full,15,2,130.0,3,26,1,restore,1.1845238095238095,1,3
eager_full,9,3,139.5,2,42,0,restore,1.75,1,3
eager_full,16,2,155.0,1,30,0,restore,1.3630952380952381,1,3
eager_full,40,2,155.5,2,25,25,hit,0.25,1,3
eager_full,38,3,157.5,2,47,0,restore,1.8452380952380956,1,3
eager_full,43,1,160.5,0,18,0,restore,0.9345238095238095,1,3
eager_full,36,5,164.5,3,50,0,restore,1.994047619047619,1,3
eager_full,43,2,173.5,0,31,31,hit,0.3333333333333333,1,3
eager_full,38,4,175.5,1,54,54,hit,0.16666666666666666,1,3
eager_full,36,6,178.5,0,58,58,hit,0.375,1,3
eager_full,19,0,179.5,0,0,0,hit,0.4583333333333333,1,3
eager_full,43,3,184.0,1,44,44,hit,0.3333333333333333,1,3
eager_full,19,1,186.0,0,16,16,hit,0.20833333333333334,1,3
eager_full,43,4,197.5,1,55,55,hit,0.16666666666666666,1,3
eager_full,19,2,207.0,1,27,27,hit,0.25,1,3
eager_full,40,3,212.5,2,33,33,hit,0.125,1,3
eager_full,19,3,217.5,1,40,40,hit,0.2916666666666667,1,3
eager_full,19,4,223.5,1,54,54,hit,0.16666666666666666,1,3
eager_full,19,5,235.5,1,60,60,hit,0.25,1,3
repkv,6,0,0.5,0,0,0,hit,0.4166666666666667,1,3
repkv,3,0,3.0,0,0,0,hit,0.4583333333333333,1,3
repkv,23,0,3.0,1,0,0,hit,0.6666666666666666,1,3
repkv,41,0,3.0,2,0,0,hit,0.5833333333333334,1,3
repkv,46,0,3.0,3,0,0,hit,0.625,1,3
repkv,27,0,3.5,2,0,0,hit,1.0000000000000007,1,3
repkv,47,0,3.5,3,0,0,hit,1.125,1,3
repkv,22,0,4.0,0,0,0,hit,0.5333333333333332,1,3
repkv,25,0,4.0,1,0,0,hit,0.6833333333333333,1,3
repkv,42,0,4.5,2,0,0,hit,0.7166666666666675,1,3
repkv,9,0,5.5,0,0,0,hit,0.5416666666666666,1,3
repkv,10,0,7.0,0,0,0,hit,0.625,1,3
repkv,39,0,7.0,1,0,0,hit,0.625,1,3
repkv,13,0,7.5,2,0,0,hit,0.4166666666666667,1,3
repkv,31,0,8.5,0,0,0,hit,0.4166666666666667,1,3
repkv,8,0,9.0,1,0,0,hit,0.3333333333333333,1,3
repkv,4,0,9.5,0,0,0,hit,0.375,1,3
repkv,5,0,9.5,2,0,0,hit,0.4166666666666667,1,3
repkv,7,0,10.0,1,0,0,hit,0.375,1,3
repkv,18,0,10.0,3,0,0,hit,0.3333333333333333,1,3
repkv,26,0,10.5,0,0,0,hit,0.5,1,3
repkv,41,1,10.5,2,19,19,hit,0.49166666666666536,1,3
repkv,32,0,11.5,1,0,0,hit,0.5416666666666666,1,3
repkv,28,0,12.5,0,0,0,hit,0.6666666666666666,1,3
repkv,30,0,13.0,1,0,0,hit,0.625,1,3
repkv,6,1,16.0,0,12,12,hit,0.20833333333333334,1,3
repkv,4,1,16.5,0,11,11,hit,0.6000000000000003,1,3
repkv,21,0,17.5,0,0,0,hit,0.6666666666666666,1,3
repkv,12,0,18.0,1,0,0,hit,0.5416666666666666,1,3
repkv,32,1,18.0,2,15,0,transfer,1.125,1,3
repkv,31,1,19.5,0,15,11,restore,0.43452380952380953,1,3
repkv,7,1,20.0,1,11,11,hit,0.20833333333333334,1,3
repkv,13,1,20.5,2,12,12,hit,0.375,1,3
repkv,45,0,20.5,0,0,0,hit,0.6666666666666666,1,3
repkv,28,1,22.0,0,18,10,restore,0.6190476190476191,1,3
repkv,24,0,22.5,1,0,0,hit,0.4166666666666667,1,3
repkv,21,1,23.5,0,18,10,restore,0.4107142857142857,1,3
repkv,11,0,24.0,1,0,0,hit,0.625,1,3
repkv,14,0,24.5,0,0,0,hit,0.5,1,3
repkv,0,0,25.0,2,0,0,hit,0.5416666666666666,1,3
repkv,41,2,26.0,2,35,35,hit,0.39166666666666927,1,3
repkv,31,2,27.0,0,27,19,restore,0.45238095238095233,1,3
repkv,4,2,28.5,0,22,0,restore,0.9107142857142857,1,3
repkv,32,2,29.0,2,29,29,hit,0.20833333333333334,1,3
repkv,47,1,29.5,3,19,19,hit,0.125,1,3
repkv,21,2,30.0,0,26,18,restore,0.6607142857142857,1,3
repkv,16,0,30.5,1,0,0,hit,0.5833333333333334,1,3
repkv,33,0,32.0,0,0,0,hit,0.3333333333333333,1,3
repkv,22,1,32.5,0,13,0,restore,0.7892857142857195,1,3
repkv,26,1,33.0,0,19,0,restore,1.7428571428571453,1,3
repkv,35,0,33.5,1,0,0,hit,0.3333333333333333,1,3
repkv,31,3,34.5,0,33,33,hit,1.0678571428571502,1,3
repkv,23,1,36.5,1,22,0,restore,1.119047619047619,1,3
repkv,5,1,39.0,2,17,17,hit,0.16666666666666666,1,3
repkv,44,0,39.0,0,0,0,hit,0.6666666666666666,1,3
repkv,13,2,39.5,2,25,25,hit,0.5416666666666643,1,3
repkv,1,0,40.0,0,0,0,hit,0.3333333333333333,1,3
repkv,36,0,40.0,1,0,0,hit,0.375,1,3
repkv,31,4,40.5,0,43,43,hit,0.4000000000000009,1,3
repkv,41,3,41.5,2,46,26,restore,0.9642857142857143,1,3
repkv,28,2,42.0,0,29,0,restore,1.1607142857142858,1,3
repkv,38,0,42.0,1,0,0,hit,0.625,1,3
repkv,33,1,44.5,0,10,0,restore,0.48214285714285715,1,3
repkv,0,1,45.5,2,19,15,restore,0.43452380952380953,1,3
repkv,13,3,45.5,2,36,36,hit,0.8595238095238074,1,3
repkv,1,1,46.0,0,12,0,restore,0.7202380952380952,1,3
repkv,14,1,46.0,1,15,0,recompute,1.375,1,3
repkv,41,4,48.0,2,56,55,restore,0.20238095238095238,1,3
repkv,37,0,49.0,0,0,0,hit,0.3333333333333333,1,3
repkv,18,1,49.5,3,14,14,hit,0.125,1,3
repkv,23,2,50.5,1,34,34,hit,0.16666666666666666,1,3
repkv,13,4,51.5,2,41,41,hit,0.16666666666666666,1,3
repkv,17,0,51.5,0,0,0,hit,0.3333333333333333,1,3
repkv,24,1,51.5,1,15,0,restore,0.8273809523809523,1,3
repkv,1,2,52.0,0,26,26,hit,0.32500000000000523,1,3
repkv,2,0,54.5,0,0,0,hit,0.4166666666666667,1,3
repkv,21,3,55.0,0,42,0,restore,2.2833333333333337,0,3
repkv,22,2,57.5,0,24,9,restore,0.8273809523809477,1,3
repkv,44,1,58.0,1,19,0,transfer+recompute,1.7333333333333332,1,3
repkv,21,4,62.0,0,49,49,hit,0.20833333333333334,1,3
repkv,1,3,63.0,0,38,26,restore,0.5535714285714286,1,3
repkv,6,2,63.0,0,23,0,restore,1.8833333333333324,1,3
repkv,23,3,63.5,1,42,42,hit,0.2916666666666667,1,3
repkv,46,1,63.5,3,20,20,hit,0.2916666666666667,1,3
repkv,34,0,64.5,1,0,0,hit,0.5416666666666666,1,3
repkv,9,1,65.0,0,20,0,restore,1.2476190476190459,1,3
repkv,7,2,65.5,1,19,0,restore,0.8452380952381,1,3
repkv,11,1,67.5,1,22,0,restore,0.9107142857142857,1,3
repkv,24,2,68.5,1,28,16,restore,1.147619047619048,1,3
repkv,25,1,68.5,0,15,0,recompute,1.4583333333333333,1,3
repkv,0,2,72.5,2,29,20,restore,0.6130952380952381,1,3
repkv,21,5,73.5,0,57,32,restore,1.0178571428571428,1,3
repkv,34,1,73.5,1,18,0,restore,0.8928571428571429,1,3
repkv,36,1,74.5,1,13,0,restore,0.8488095238095226,1,3
repkv,29,0,75.0,0,0,0,hit,0.5833333333333334,1,3
repkv,20,0,76.5,0,0,0,hit,0.6666666666666666,1,3
repkv,1,4,77.5,0,44,0,restore,1.8880952380952485,1,3
repkv,5,2,77.5,2,26,18,restore,0.4107142857142857,1,3
repkv,3,1,78.0,1,18,0,recompute,1.75,1,3
repkv,6,3,79.0,0,32,13,restore,1.8333333333333361,1,3
repkv,21,6,81.5,0,64,40,restore,1.1488095238095237,1,3
repkv,10,1,82.0,1,22,0,recompute,2.208333333333333,0,3
repkv,36,2,83.5,0,22,0,recompute,1.9583333333333333,1,3
repkv,40,0,83.5,2,0,0,hit,0.5833333333333334,1,3
repkv,1,5,84.0,0,56,41,restore,2.5440476190476113,0,3
repkv,15,0,84.0,3,0,0,hit,0.625,1,3
repkv,34,2,84.5,1,26,18,restore,0.8857142857142752,1,3
repkv,38,1,84.5,2,20,0,recompute,2.0833333333333286,0,3
repkv,20,1,85.0,3,20,0,recompute,1.9583333333333335,1,3
repkv,37,1,85.0,1,10,0,recompute,1.9690476190476054,1,3
repkv,14,2,85.5,1,25,0,restore,3.195238095238077,0,3
repkv,16,1,86.0,0,21,0,recompute,3.144047619047612,0,3
repkv,21,7,88.5,0,78,42,restore,2.396428571428561,0,3
repkv,24,3,88.5,1,38,11,restore,2.0511904761904574,0,3
repkv,26,2,89.5,2,35,0,recompute,3.25,0,3
repkv,29,1,90.0,3,21,0,recompute,1.9166666666666667,1,3
repkv,34,3,90.5,1,38,21,restore,1.433333333333319,1,3
repkv,46,2,90.5,3,30,30,hit,2.3666666666666742,0,3
repkv,7,3,91.5,1,24,0,restore,2.1571428571428495,0,3
repkv,37,2,92.0,0,21,0,restore+recompute,1.6488095238095237,1,3
repkv,9,2,94.5,0,30,0,restore,1.3630952380952381,1,3
repkv,5,3,96.0,2,35,35,hit,0.3333333333333333,1,3
repkv,24,4,97.0,1,49,23,restore,1.3035714285714286,1,3
repkv,0,3,97.5,2,41,10,restore,1.3571428571428572,1,3
repkv,20,2,104.5,3,33,33,hit,0.16666666666666666,1,3
repkv,43,0,108.5,0,0,0,hit,0.6666666666666666,1,3
repkv,29,2,110.5,3,32,32,hit,0.2916666666666667,1,3
repkv,36,3,110.5,0,28,0,restore,1.2916666666666667,1,3
repkv,26,3,112.0,2,46,30,restore,0.738095238095238,1,3
repkv,29,3,116.5,3,44,44,hit,0.25,1,3
repkv,5,4,117.5,2,50,30,restore,0.9226190476190477,1,3
repkv,24,5,118.0,1,60,60,hit,0.125,1,3
repkv,34,4,118.5,1,54,40,restore,0.891666666666661,1,3
repkv,10,2,120.0,1,37,0,restore,1.4464285714285714,1,3
repkv,15,1,121.0,3,17,17,hit,0.25,1,3
repkv,36,4,122.5,0,39,39,hit,0.16666666666666666,1,3
repkv,20,3,123.0,3,40,40,hit,0.375,1,3
repkv,40,1,123.0,2,19,0,restore,0.8035714285714286,1,3
repkv,38,2,126.0,2,35,9,restore,1.2619047619047619,1,3
repkv,24,6,127.5,1,69,46,restore,0.988095238095238,1,3
repkv,14,3,128.5,1,39,0,restore,2.230952380952378,0,3
repkv,34,5,129.0,0,62,0,transfer+recompute,4.841666666666667,0,3
repkv,15,2,130.0,3,26,18,restore,0.5773809523809523,1,3
repkv,9,3,139.5,0,42,0,restore,1.75,1,3
repkv,16,2,155.0,0,30,0,restore,1.3630952380952381,1,3
repkv,40,2,155.5,2,25,9,restore,0.8214285714285714,1,3
repkv,38,3,157.5,2,47,47,hit,0.16666666666666666,1,3
repkv,43,1,160.5,0,18,0,restore,0.9345238095238095,1,3
repkv,36,5,164.5,0,50,0,restore,1.994047619047619,1,3
repkv,43,2,173.5,0,31,20,restore,0.7261904761904762,1,3
repkv,38,4,175.5,2,54,54,hit,0.16666666666666666,1,3
repkv,36,6,178.5,0,58,50,restore,0.6607142857142857,1,3
repkv,19,0,179.5,1,0,0,hit,0.4583333333333333,1,3
repkv,43,3,184.0,0,44,24,restore,1.0476190476190477,1,3
repkv,19,1,186.0,1,16,16,hit,0.20833333333333334,1,3
repkv,43,4,197.5,0,55,55,hit,0.16666666666666666,1,3
repkv,19,2,207.0,1,27,27,hit,0.25,1,3
repkv,40,3,212.5,2,33,33,hit,0.125,1,3
repkv,19,3,217.5,1,40,40,hit,0.2916666666666667,1,3
repkv,19,4,223.5,1,54,54,hit,0.16666666666666666,1,3
repkv,19,5,235.5,1,60,60,hit,0.25,1,3
on_demand,2,0,0.0,0,0,0,hit,0.5,1,4
on_demand,17,0,0.5,1,0,0,hit,0.5416666666666666,1,4
on_demand,20,0,1.0,2,0,0,hit,0.375,1,4
on_demand,38,0,1.0,3,0,0,hit,0.6666666666666666,1,4
on_demand,36,0,2.0,0,0,0,hit,0.375,1,4
on_demand,1,0,2.5,1,0,0,hit,0.5416666666666666,1,4
on_demand,43,0,3.0,0,0,0,hit,0.5833333333333334,1,4
on_demand,37,0,4.0,1,0,0,hit,0.375,1,4
on_demand,34,0,4.5,0,0,0,hit,0.5,1,4
on_demand,32,0,5.0,1,0,0,hit,0.6666666666666666,1,4
on_demand,15,0,5.5,2,0,0,hit,0.4583333333333333,1,4
on_demand,29,0,6.5,0,0,0,hit,0.375,1,4
on_demand,26,0,7.0,1,0,0,hit,0.625,1,4
on_demand,20,1,7.5,2,11,11,hit,0.16666666666666666,1,4
on_demand,45,0,7.5,0,0,0,hit,0.625,1,4
on_demand,44,0,9.5,0,0,0,hit,0.6666666666666666,1,4
on_demand,0,0,10.0,1,0,0,hit,0.5833333333333334,1,4
on_demand,14,0,10.0,2,0,0,hit,0.625,1,4
on_demand,23,0,10.0,3,0,0,hit,0.5833333333333334,1,4
on_demand,47,0,10.0,0,0,0,hit,0.6999999999999986,1,4
on_demand,7,0,11.0,0,0,0,hit,0.375,1,4
on_demand,8,0,11.5,1,0,0,hit,0.625,1,4
on_demand,25,0,12.5,0,0,0,hit,0.5416666666666666,1,4
on_demand,22,0,13.5,0,0,0,hit,0.6666666666666666,1,4
on_demand,42,0,13.5,1,0,0,hit,0.3333333333333333,1,4
on_demand,21,0,14.0,2,0,0,hit,0.5,1,4
on_demand,16,0,14.5,1,0,0,hit,0.5416666666666666,1,4
on_demand,2,1,15.0,0,18,0,restore,0.8511904761904763,1,4
on_demand,38,1,16.0,3,23,23,hit,0.375,1,4
on_demand,30,0,17.5,0,0,0,hit,0.3333333333333333,1,4
on_demand,23,1,18.0,3,20,20,hit,0.2916666666666667,1,4
on_demand,29,1,18.0,0,12,12,hit,0.5416666666666655,1,4
on_demand,46,0,18.0,1,0,0,hit,0.5,1,4
on_demand,25,1,19.0,0,17,17,hit,0.4083333333333302,1,4
on_demand,12,0,20.0,0,0,0,hit,0.5833333333333334,1,4
on_demand,14,1,21.0,2,21,21,hit,0.20833333333333334,1,4
on_demand,36,1,21.0,0,14,0,restore,0.9499999999999981,1,4
on_demand,3,0,21.5,1,0,0,hit,0.5416666666666666,1,4
on_demand,43,1,22.0,0,20,0,restore,1.2976190476190477,1,4
on_demand,5,0,23.5,1,0,0,hit,0.4583333333333333,1,4
on_demand,45,1,23.5,0,18,0,restore,0.9654761904761889,1,4
on_demand,25,2,25.0,0,26,26,hit,0.20833333333333334,1,4
on_demand,33,0,25.5,1,0,0,hit,0.6666666666666666,1,4
on_demand,38,2,25.5,3,35,35,hit,0.25,1,4
on_demand,7,1,26.0,0,15,0,restore,0.7857142857142857,1,4
on_demand,10,0,26.5,2,0,0,hit,0.375,1,4
on_demand,20,2,26.5,2,22,22,hit,1.2083333333333333,1,4
on_demand,13,0,28.5,0,0,0,hit,0.5833333333333334,1,4
on_demand,40,0,28.5,1,0,0,hit,0.4166666666666667,1,4
on_demand,35,0,29.0,2,0,0,hit,0.6666666666666666,1,4
on_demand,36,2,30.0,0,21,21,hit,0.125,1,4
on_demand,1,1,31.5,1,20,0,restore,0.9226190476190477,1,4
on_demand,8,1,32.0,1,22,8,restore,1.4976190476190538,1,4
on_demand,19,0,32.0,0,0,0,hit,0.6666666666666666,1,4
on_demand,25,3,32.0,0,34,34,hit,1.1916666666666629,1,4
on_demand,10,1,32.5,2,14,14,hit,0.16666666666666666,1,4
on_demand,42,1,34.0,1,10,0,restore,0.8047619047619139,1,4
on_demand,31,0,35.5,0,0,0,hit,0.375,1,4
on_demand,4,0,37.0,0,0,0,hit,0.3333333333333333,1,4
on_demand,13,1,37.0,0,16,16,hit,0.9000000000000009,1,4
on_demand,38,3,37.0,3,48,48,hit,0.16666666666666666,1,4
on_demand,8,2,38.0,1,38,38,hit,0.20833333333333334,1,4
on_demand,0,1,38.5,1,19,0,restore,1.4619047619047671,1,4
on_demand,35,1,38.5,2,23,23,hit,0.25,1,4
on_demand,28,0,40.0,0,0,0,hit,0.4166666666666667,1,4
on_demand,9,0,41.0,0,0,0,hit,0.3333333333333333,1,4
on_demand,20,3,41.5,2,37,37,hit,0.25,1,4
on_demand,13,2,43.0,0,27,27,hit,0.3333333333333333,1,4
on_demand,25,4,44.0,0,42,42,hit,0.3333333333333333,1,4
on_demand,5,1,44.5,1,16,0,restore,0.738095238095238,1,4
on_demand,9,1,47.5,0,11,11,hit,0.25,1,4
on_demand,36,3,48.0,0,26,0,restore,1.4702380952380953,1,4
on_demand,32,1,49.0,1,18,0,restore,0.9345238095238095,1,4
on_demand,26,1,49.5,1,17,0,restore,1.533333333333337,1,4
on_demand,46,1,50.5,0,15,0,recompute,1.5833333333333333,1,4
on_demand,39,0,53.0,0,0,0,hit,0.4583333333333333,1,4
on_demand,18,0,53.5,1,0,0,hit,0.5833333333333334,1,4
on_demand,23,2,54.5,3,34,34,hit,0.125,1,4
on_demand,13,3,55.5,0,38,1,restore,1.5714285714285714,1,4
on_demand,38,4,58.0,3,56,56,hit,0.20833333333333334,1,4
on_demand,20,4,60.5,2,46,46,hit,0.25,1,4
on_demand,3,1,61.0,1,16,0,restore,0.738095238095238,1,4
on_demand,0,2,62.0,1,30,21,restore,0.9261904761904817,1,4
on_demand,13,4,63.5,0,51,51,hit,0.16666666666666666,1,4
on_demand,23,3,65.5,3,40,40,hit,0.3333333333333333,1,4
on_demand,25,5,68.0,0,55,0,restore,2.255952380952381,0,4
on_demand,28,1,68.0,1,13,0,recompute,1.4166666666666665,1,4
on_demand,46,2,68.0,2,29,0,transfer+recompute,2.4,0,4
on_demand,11,0,69.0,3,0,0,hit,0.3333333333333333,1,4
on_demand,5,2,70.5,1,26,0,restore,1.0535714285714286,1,4
on_demand,0,3,71.0,1,36,36,hit,0.9619047619047668,1,4
on_demand,32,2,73.0,1,27,0,restore,1.0892857142857144,1,4
on_demand,24,0,74.0,0,0,0,hit,0.3333333333333333,1,4
on_demand,13,5,74.5,0,58,58,hit,0.6249999999999953,1,4
on_demand,17,1,74.5,1,15,0,restore,0.8273809523809523,1,4
on_demand,39,1,76.0,0,17,1,restore,0.9047619047619047,1,4
on_demand,36,4,77.0,0,40,0,restore,1.966666666666657,1,4
on_demand,46,3,81.0,2,40,40,hit,0.375,1,4
on_demand,25,6,83.5,0,64,0,restore,2.6607142857142856,0,4
on_demand,28,2,87.0,1,25,15,restore,0.5238095238095238,1,4
on_demand,21,1,89.0,2,17,0,restore,0.7321428571428571,1,4
on_demand,11,1,95.0,3,10,10,hit,0.375,1,4
on_demand,18,1,95.0,1,20,0,restore,0.9226190476190477,1,4
on_demand,40,1,95.0,0,15,0,recompute,1.375,1,4
on_demand,41,0,95.5,2,0,0,hit,0.5833333333333334,1,4
on_demand,46,4,98.0,2,51,51,hit,0.3333333333333333,1,4
on_demand,17,2,99.0,1,24,24,hit,0.3333333333333333,1,4
on_demand,3,2,101.0,1,27,0,restore,1.255952380952381,1,4
on_demand,18,2,103.5,1,28,28,hit,0.2916666666666667,1,4
on_demand,41,1,104.0,2,17,17,hit,0.2916666666666667,1,4
on_demand,32,3,106.0,1,33,15,restore,0.8511904761904763,1,4
on_demand,25,7,111.0,0,77,77,hit,0.125,1,4
on_demand,4,1,112.0,0,12,0,restore,0.6785714285714286,1,4
on_demand,41,2,118.0,2,26,26,hit,0.16666666666666666,1,4
on_demand,11,2,118.5,3,23,23,hit,0.125,1,4
on_demand,27,0,120.0,0,0,0,hit,0.4166666666666667,1,4
on_demand,32,4,122.5,1,44,44,hit,0.2916666666666667,1,4
on_demand,6,0,123.0,0,0,0,hit,0.4583333333333333,1,4
on_demand,24,1,123.0,2,13,0,recompute,1.2916666666666665,1,4
on_demand,18,3,124.0,1,40,40,hit,0.2916666666666667,1,4
on_demand,26,2,124.5,1,26,0,restore,1.2202380952380953,1,4
on_demand,21,2,126.0,2,24,23,restore,0.4107142857142857,1,4
on_demand,11,3,127.5,3,30,30,hit,0.2916666666666667,1,4
on_demand,18,4,132.5,1,49,49,hit,0.25,1,4
on_demand,3,3,135.5,1,37,4,restore,1.3452380952380953,1,4
on_demand,24,2,136.5,2,24,24,hit,0.375,1,4
on_demand,41,3,136.5,2,35,35,hit,1.1833333333333276,1,4
on_demand,6,1,142.0,0,14,14,hit,0.25,1,4
on_demand,21,3,142.5,2,39,39,hit,0.16666666666666666,1,4
on_demand,4,2,143.5,0,24,24,hit,0.20833333333333334,1,4
on_demand,27,1,143.5,1,13,0,transfer,0.775,1,4
on_demand,36,5,145.0,0,54,0,restore,2.303571428571429,0,4
on_demand,18,5,150.0,1,60,60,hit,0.3333333333333333,1,4
on_demand,11,4,151.0,3,42,42,hit,0.25,1,4
on_demand,24,3,154.5,2,39,39,hit,0.3333333333333333,1,4
on_demand,41,4,156.0,2,44,44,hit,0.25,1,4
on_demand,32,5,158.5,1,55,0,restore,2.255952380952381,0,4
on_demand,4,3,162.0,0,34,34,hit,0.20833333333333334,1,4
on_demand,27,2,168.5,1,23,10,restore,0.6309523809523809,1,4
on_demand,3,4,169.5,1,45,0,restore,1.8571428571428572,1,4
on_demand,18,6,171.5,1,72,0,restore,2.8785714285714215,0,4
on_demand,26,3,173.5,1,39,0,restore,3.204761904761904,0,4
on_demand,32,6,175.0,1,65,0,restore,5.059523809523802,0,4
on_demand,6,2,182.0,0,23,23,hit,0.16666666666666666,1,4
on_demand,18,7,187.5,1,84,14,restore,2.7083333333333335,0,4
on_demand,41,5,192.0,2,56,56,hit,0.2916666666666667,1,4
on_demand,27,3,204.0,1,30,0,restore,1.2797619047619047,1,4
on_demand,26,4,220.5,1,54,0,restore,2.0952380952380953,0,4
eager_full,2,0,0.0,0,0,0,hit,0.5,1,4
eager_full,17,0,0.5,1,0,0,hit,0.5416666666666666,1,4
eager_full,20,0,1.0,2,0,0,hit,0.375,1,4
eager_full,38,0,1.0,3,0,0,hit,0.6666666666666666,1,4
eager_full,36,0,2.0,0,0,0,hit,0.375,1,4
eager_full,1,0,2.5,1,0,0,hit,0.5416666666666666,1,4
eager_full,43,0,3.0,0,0,0,hit,0.5833333333333334,1,4
eager_full,37,0,4.0,1,0,0,hit,0.375,1,4
eager_full,34,0,4.5,0,0,0,hit,0.5,1,4
eager_full,32,0,5.0,1,0,0,hit,0.6666666666666666,1,4
eager_full,15,0,5.5,2,0,0,hit,0.4583333333333333,1,4
eager_full,29,0,6.5,0,0,0,hit,0.375,1,4
eager_full,26,0,7.0,1,0,0,hit,0.625,1,4
eager_full,20,1,7.5,0,11,11,hit,0.16666666666666666,1,4
eager_full,45,0,7.5,2,0,0,hit,0.625,1,4
eager_full,44,0,9.5,0,0,0,hit,0.6666666666666666,1,4
eager_full,0,0,10.0,1,0,0,hit,0.5833333333333334,1,4
eager_full,14,0,10.0,2,0,0,hit,0.625,1,4
eager_full,23,0,10.0,3,0,0,hit,0.5833333333333334,1,4
eager_full,47,0,10.0,0,0,0,hit,0.6999999999999986,1,4
eager_full,7,0,11.0,0,0,0,hit,0.375,1,4
eager_full,8,0,11.5,1,0,0,hit,0.625,1,4
eager_full,25,0,12.5,0,0,0,hit,0.5416666666666666,1,4
eager_full,22,0,13.5,0,0,0,hit,0.6666666666666666,1,4
eager_full,42,0,13.5,1,0,0,hit,0.3333333333333333,1,4
eager_full,21,0,14.0,2,0,0,hit,0.5,1,4
eager_full,16,0,14.5,1,0,0,hit,0.5416666666666666,1,4
eager_full,2,1,15.0,0,18,0,restore,0.8511904761904763,1,4
eager_full,38,1,16.0,3,23,23,hit,0.375,1,4
eager_full,30,0,17.5,0,0,0,hit,0.3333333333333333,1,4
eager_full,23,1,18.0,3,20,20,hit,0.2916666666666667,1,4
eager_full,29,1,18.0,0,12,0,restore,0.9702380952380941,1,4
eager_full,46,0,18.0,1,0,0,hit,0.5,1,4
eager_full,25,1,19.0,0,17,17,hit,0.8369047619047608,1,4
eager_full,12,0,20.0,1,0,0,hit,0.5833333333333334,1,4
eager_full,14,1,21.0,2,21,21,hit,0.20833333333333334,1,4
eager_full,36,1,21.0,0,14,0,restore,0.6666666666666666,1,4
eager_full,3,0,21.5,1,0,0,hit,0.5416666666666666,1,4
eager_full,43,1,22.0,0,20,0,restore,1.0476190476190477,1,4
eager_full,5,0,23.5,0,0,0,hit,0.4583333333333333,1,4
eager_full,45,1,23.5,2,18,18,hit,0.125,1,4
eager_full,25,2,25.0,0,26,26,hit,0.20833333333333334,1,4
eager_full,33,0,25.5,1,0,0,hit,0.6666666666666666,1,4
eager_full,38,2,25.5,3,35,35,hit,0.25,1,4
eager_full,7,1,26.0,0,15,0,restore,0.7857142857142857,1,4
eager_full,10,0,26.5,2,0,0,hit,0.375,1,4
eager_full,20,2,26.5,1,22,0,restore,1.1857142857142855,1,4
eager_full,13,0,28.5,0,0,0,hit,0.5833333333333334,1,4
eager_full,40,0,28.5,1,0,0,hit,0.4166666666666667,1,4
eager_full,35,0,29.0,2,0,0,hit,0.6666666666666666,1,4
eager_full,36,2,30.0,0,21,0,restore,0.875,1,4
eager_full,1,1,31.5,1,20,20,hit,0.20833333333333334,1,4
eager_full,8,1,32.0,1,22,0,restore,1.1607142857142856,1,4
eager_full,19,0,32.0,0,0,0,hit,0.6666666666666666,1,4
eager_full,25,3,32.0,0,34,4,restore,2.263095238095234,0,4
eager_full,10,1,32.5,2,14,14,hit,0.16666666666666666,1,4
eager_full,42,1,34.0,1,10,0,restore,0.6071428571428572,1,4
eager_full,31,0,35.5,0,0,0,hit,0.375,1,4
eager_full,4,0,37.0,0,0,0,hit,0.3333333333333333,1,4
eager_full,13,1,37.0,0,16,15,restore,0.9357142857142866,1,4
eager_full,38,3,37.0,3,48,48,hit,0.16666666666666666,1,4
eager_full,8,2,38.0,1,38,38,hit,0.20833333333333334,1,4
eager_full,0,1,38.5,0,19,0,restore,1.1892857142857147,1,4
eager_full,35,1,38.5,2,23,23,hit,0.25,1,4
eager_full,28,0,40.0,0,0,0,hit,0.4166666666666667,1,4
eager_full,9,0,41.0,0,0,0,hit,0.3333333333333333,1,4
eager_full,20,3,41.5,1,37,0,restore,1.5714285714285714,1,4
eager_full,13,2,43.0,0,27,27,hit,0.3333333333333333,1,4
eager_full,25,4,44.0,0,42,0,restore,1.8333333333333333,1,4
eager_full,5,1,44.5,1,16,4,recompute,1.1666666666666667,1,4
eager_full,9,1,47.5,0,11,0,restore,0.6428571428571428,1,4
eager_full,36,3,48.0,0,26,0,restore,1.8630952380952412,1,4
eager_full,32,1,49.0,1,18,0,restore,0.9345238095238095,1,4
eager_full,26,1,49.5,1,17,17,hit,0.9261904761904798,1,4
eager_full,46,1,50.5,1,15,0,restore,0.9952380952380993,1,4
eager_full,39,0,53.0,0,0,0,hit,0.4583333333333333,1,4
eager_full,18,0,53.5,1,0,0,hit,0.5833333333333334,1,4
eager_full,23,2,54.5,3,34,34,hit,0.125,1,4
eager_full,13,3,55.5,0,38,0,restore,1.6071428571428572,1,4
eager_full,38,4,58.0,3,56,56,hit,0.20833333333333334,1,4
eager_full,20,4,60.5,1,46,0,restore,1.8928571428571428,1,4
eager_full,3,1,61.0,0,16,0,transfer,0.9666666666666667,1,4
eager_full,0,2,62.0,0,30,0,restore,1.9047619047619095,1,4
eager_full,13,4,63.5,2,51,24,recompute,2.4166666666666665,0,4
eager_full,23,3,65.5,3,40,40,hit,0.3333333333333333,1,4
eager_full,25,5,68.0,0,55,0,restore,2.255952380952381,0,4
eager_full,28,1,68.0,1,13,0,restore+recompute,1.1785714285714286,1,4
eager_full,46,2,68.0,2,29,0,recompute,2.6666666666666665,0,4
eager_full,11,0,69.0,3,0,0,hit,0.3333333333333333,1,4
eager_full,5,2,70.5,0,26,0,restore,1.0535714285714286,1,4
eager_full,0,3,71.0,1,36,22,recompute,1.375,1,4
eager_full,32,2,73.0,1,27,12,restore,0.6607142857142857,1,4
eager_full,24,0,74.0,0,0,0,hit,0.3333333333333333,1,4
eager_full,13,5,74.5,2,58,39,restore,0.9702380952380953,1,4
eager_full,17,1,74.5,1,15,0,restore,0.8273809523809523,1,4
eager_full,39,1,76.0,0,17,0,restore,0.9404761904761905,1,4
eager_full,36,4,77.0,0,40,0,restore,2.002380952380949,0,4
eager_full,46,3,81.0,2,40,0,restore,1.8035714285714286,1,4
eager_full,25,6,83.5,0,64,0,restore,2.6607142857142856,0,4
eager_full,28,2,87.0,0,25,0,restore,1.0595238095238095,1,4
eager_full,21,1,89.0,2,17,0,restore,0.7321428571428571,1,4
eager_full,11,1,95.0,3,10,10,hit,0.375,1,4
eager_full,18,1,95.0,1,20,0,restore,0.9226190476190477,1,4
eager_full,40,1,95.0,0,15,0,recompute,1.375,1,4
eager_full,41,0,95.5,2,0,0,hit,0.5833333333333334,1,4
eager_full,46,4,98.0,0,51,51,hit,0.3333333333333333,1,4
eager_full,17,2,99.0,1,24,0,restore,1.1904761904761905,1,4
eager_full,3,2,101.0,1,27,19,recompute,0.9583333333333333,1,4
eager_full,18,2,103.5,1,28,28,hit,0.2916666666666667,1,4
eager_full,41,1,104.0,2,17,17,hit,0.2916666666666667,1,4
eager_full,32,3,106.0,1,33,0,restore,1.3869047619047619,1,4
eager_full,25,7,111.0,0,77,0,restore,2.875,0,4
eager_full,4,1,112.0,1,12,0,restore+recompute,0.9166666666666667,1,4
eager_full,41,2,118.0,2,26,26,hit,0.16666666666666666,1,4
eager_full,11,2,118.5,1,23,23,hit,0.125,1,4
eager_full,27,0,120.0,0,0,0,hit,0.4166666666666667,1,4
eager_full,32,4,122.5,1,44,44,hit,0.2916666666666667,1,4
eager_full,6,0,123.0,0,0,0,hit,0.4583333333333333,1,4
eager_full,24,1,123.0,1,13,0,restore,0.8642857142857248,1,4
eager_full,18,3,124.0,0,40,31,recompute,1.0416666666666667,1,4
eager_full,26,2,124.5,1,26,0,restore,1.2202380952380953,1,4
eager_full,21,2,126.0,2,24,0,restore,1.2321428571428572,1,4
eager_full,11,3,127.5,1,30,29,restore,0.3273809523809524,1,4
eager_full,18,4,132.5,0,49,0,restore,2.0,1,4
eager_full,3,3,135.5,0,37,0,restore,1.4880952380952381,1,4
eager_full,24,2,136.5,1,24,24,hit,0.375,1,4
eager_full,41,3,136.5,2,35,20,restore,0.7440476190476191,1,4
eager_full,6,1,142.0,0,14,14,hit,0.25,1,4
eager_full,21,3,142.5,2,39,39,hit,0.16666666666666666,1,4
eager_full,4,2,143.5,0,24,0,restore,1.0654761904761905,1,4
eager_full,27,1,143.5,1,13,13,hit,0.125,1,4
eager_full,36,5,145.0,0,54,0,restore,2.369047619047633,0,4
eager_full,18,5,150.0,2,60,51,recompute,1.0833333333333333,1,4
eager_full,11,4,151.0,1,42,42,hit,0.25,1,4
eager_full,24,3,154.5,2,39,39,hit,0.3333333333333333,1,4
eager_full,41,4,156.0,1,44,44,hit,0.25,1,4
eager_full,32,5,158.5,1,55,0,restore,2.255952380952381,0,4
eager_full,4,3,162.0,0,34,34,hit,0.20833333333333334,1,4
eager_full,27,2,168.5,0,23,15,recompute,0.8333333333333333,1,4
eager_full,3,4,169.5,0,45,0,restore,1.9904761904762114,1,4
eager_full,18,6,171.5,1,72,70,recompute,0.41666666666666663,1,4
eager_full,26,3,173.5,1,39,0,restore,1.726190476190476,1,4
eager_full,32,6,175.0,0,65,62,restore,0.44047619047619047,1,4
eager_full,6,2,182.0,0,23,23,hit,0.16666666666666666,1,4
eager_full,18,7,187.5,1,84,84,hit,0.20833333333333334,1,4
eager_full,41,5,192.0,1,56,0,restore,2.2916666666666665,0,4
eager_full,27,3,204.0,2,30,19,recompute,1.125,1,4
eager_full,26,4,220.5,0,54,41,recompute,1.25,1,4
repkv,2,0,0.0,0,0,0,hit,0.5,1,4
repkv,17,0,0.5,1,0,0,hit,0.5416666666666666,1,4
repkv,20,0,1.0,2,0,0,hit,0.375,1,4
repkv,38,0,1.0,3,0,0,hit,0.6666666666666666,1,4
repkv,36,0,2.0,0,0,0,hit,0.375,1,4
repkv,1,0,2.5,1,0,0,hit,0.5416666666666666,1,4
repkv,43,0,3.0,0,0,0,hit,0.5833333333333334,1,4
repkv,37,0,4.0,1,0,0,hit,0.375,1,4
repkv,34,0,4.5,0,0,0,hit,0.5,1,4
repkv,32,0,5.0,1,0,0,hit,0.6666666666666666,1,4
repkv,15,0,5.5,2,0,0,hit,0.4583333333333333,1,4
repkv,29,0,6.5,0,0,0,hit,0.375,1,4
repkv,26,0,7.0,1,0,0,hit,0.625,1,4
repkv,20,1,7.5,2,11,11,hit,0.16666666666666666,1,4
repkv,45,0,7.5,0,0,0,hit,0.625,1,4
repkv,44,0,9.5,0,0,0,hit,0.6666666666666666,1,4
repkv,0,0,10.0,1,0,0,hit,0.5833333333333334,1,4
repkv,14,0,10.0,2,0,0,hit,0.625,1,4
repkv,23,0,10.0,3,0,0,hit,0.5833333333333334,1,4
repkv,47,0,10.0,0,0,0,hit,0.6999999999999986,1,4
repkv,7,0,11.0,0,0,0,hit,0.375,1,4
repkv,8,0,11.5,1,0,0,hit,0.625,1,4
repkv,25,0,12.5,0,0,0,hit,0.5416666666666666,1,4
repkv,22,0,13.5,0,0,0,hit,0.6666666666666666,1,4
repkv,42,0,13.5,1,0,0,hit,0.3333333333333333,1,4
repkv,21,0,14.0,2,0,0,hit,0.5,1,4
repkv,16,0,14.5,1,0,0,hit,0.5416666666666666,1,4
repkv,2,1,15.0,0,18,18,hit,0.20833333333333334,1,4
repkv,38,1,16.0,3,23,23,hit,0.375,1,4
repkv,30,0,17.5,0,0,0,hit,0.3333333333333333,1,4
repkv,23,1,18.0,3,20,20,hit,0.2916666666666667,1,4
repkv,29,1,18.0,0,12,0,restore,0.9702380952380941,1,4
repkv,46,0,18.0,1,0,0,hit,0.5,1,4
repkv,25,1,19.0,0,17,17,hit,0.8369047619047608,1,4
repkv,12,0,20.0,1,0,0,hit,0.5833333333333334,1,4
repkv,14,1,21.0,2,21,21,hit,0.20833333333333334,1,4
repkv,36,1,21.0,0,14,2,restore,0.5952380952380952,1,4
repkv,3,0,21.5,1,0,0,hit,0.5416666666666666,1,4
repkv,43,1,22.0,0,20,16,restore,0.47619047619047616,1,4
repkv,5,0,23.5,0,0,0,hit,0.4583333333333333,1,4
repkv,45,1,23.5,1,18,0,transfer+recompute,1.425,1,4
repkv,25,2,25.0,0,26,22,restore,0.35119047619047616,1,4
repkv,33,0,25.5,1,0,0,hit,0.6666666666666666,1,4
repkv,38,2,25.5,3,35,35,hit,0.25,1,4
repkv,7,1,26.0,0,15,0,restore,0.7857142857142857,1,4
repkv,10,0,26.5,2,0,0,hit,0.375,1,4
repkv,20,2,26.5,2,22,22,hit,1.2083333333333333,1,4
repkv,13,0,28.5,0,0,0,hit,0.5833333333333334,1,4
repkv,40,0,28.5,1,0,0,hit,0.4166666666666667,1,4
repkv,35,0,29.0,2,0,0,hit,0.6666666666666666,1,4
repkv,36,2,30.0,0,21,9,restore,0.5535714285714286,1,4
repkv,1,1,31.5,1,20,16,restore,0.35119047619047616,1,4
repkv,8,1,32.0,1,22,0,restore,1.211904761904763,1,4
repkv,19,0,32.0,0,0,0,hit,0.6666666666666666,1,4
repkv,25,3,32.0,0,34,26,restore,1.4773809523809485,1,4
repkv,10,1,32.5,2,14,14,hit,0.16666666666666666,1,4
repkv,42,1,34.0,1,10,0,restore,0.6071428571428572,1,4
repkv,31,0,35.5,0,0,0,hit,0.375,1,4
repkv,4,0,37.0,0,0,0,hit,0.3333333333333333,1,4
repkv,13,1,37.0,0,16,4,restore,1.3285714285714296,1,4
repkv,38,3,37.0,3,48,48,hit,0.16666666666666666,1,4
repkv,8,2,38.0,1,38,34,restore,0.35119047619047616,1,4
repkv,0,1,38.5,1,19,0,restore,1.604761904761906,1,4
repkv,35,1,38.5,2,23,23,hit,0.25,1,4
repkv,28,0,40.0,0,0,0,hit,0.4166666666666667,1,4
repkv,9,0,41.0,0,0,0,hit,0.3333333333333333,1,4
repkv,20,3,41.5,2,37,37,hit,0.25,1,4
repkv,13,2,43.0,0,27,27,hit,0.3333333333333333,1,4
repkv,25,4,44.0,0,42,31,restore,0.7261904761904762,1,4
repkv,5,1,44.5,0,16,0,restore,1.4642857142857126,1,4
repkv,9,1,47.5,0,11,0,restore,0.6428571428571428,1,4
repkv,36,3,48.0,0,26,4,restore,1.7202380952380982,1,4
repkv,32,1,49.0,1,18,0,restore,0.9345238095238095,1,4
repkv,26,1,49.5,1,17,0,restore,1.533333333333337,1,4
repkv,46,1,50.5,0,15,0,recompute,1.5833333333333333,1,4
repkv,39,0,53.0,0,0,0,hit,0.4583333333333333,1,4
repkv,18,0,53.5,1,0,0,hit,0.5833333333333334,1,4
repkv,23,2,54.5,3,34,34,hit,0.125,1,4
repkv,13,3,55.5,0,38,33,restore,0.4285714285714286,1,4
repkv,38,4,58.0,3,56,56,hit,0.20833333333333334,1,4
repkv,20,4,60.5,2,46,46,hit,0.25,1,4
repkv,3,1,61.0,1,16,1,restore,0.7023809523809523,1,4
repkv,0,2,62.0,1,30,0,restore,1.64047619047619,1,4
repkv,13,4,63.5,0,51,51,hit,0.16666666666666666,1,4
repkv,23,3,65.5,3,40,40,hit,0.3333333333333333,1,4
repkv,25,5,68.0,0,55,28,restore,1.255952380952381,1,4
repkv,28,1,68.0,1,13,0,recompute,1.4166666666666665,1,4
repkv,46,2,68.0,2,29,0,transfer+recompute,2.3666666666666667,0,4
repkv,11,0,69.0,3,0,0,hit,0.3333333333333333,1,4
repkv,5,2,70.5,0,26,0,restore,1.0535714285714286,1,4
repkv,0,3,71.0,1,36,36,hit,0.20833333333333334,1,4
repkv,32,2,73.0,1,27,19,restore,0.4107142857142857,1,4
repkv,24,0,74.0,0,0,0,hit,0.3333333333333333,1,4
repkv,13,5,74.5,0,58,46,restore,1.053571428571424,1,4
repkv,17,1,74.5,1,15,0,restore,0.8273809523809523,1,4
repkv,39,1,76.0,0,17,0,restore,0.9404761904761905,1,4
repkv,36,4,77.0,0,40,0,restore,2.002380952380949,0,4
repkv,46,3,81.0,2,40,40,hit,0.375,1,4
repkv,25,6,83.5,0,64,20,restore,1.9464285714285714,1,4
repkv,28,2,87.0,1,25,17,restore,0.45238095238095233,1,4
repkv,21,1,89.0,2,17,0,restore,0.7321428571428571,1,4
repkv,11,1,95.0,3,10,10,hit,0.375,1,4
repkv,18,1,95.0,1,20,0,restore,0.9226190476190477,1,4
repkv,40,1,95.0,0,15,0,recompute,1.375,1,4
repkv,41,0,95.5,2,0,0,hit,0.5833333333333334,1,4
repkv,46,4,98.0,2,51,51,hit,0.3333333333333333,1,4
repkv,17,2,99.0,1,24,24,hit,0.3333333333333333,1,4
repkv,3,2,101.0,1,27,13,restore,0.7916666666666667,1,4
repkv,18,2,103.5,1,28,28,hit,0.2916666666666667,1,4
repkv,41,1,104.0,2,17,17,hit,0.2916666666666667,1,4
repkv,32,3,106.0,1,33,0,restore,1.3869047619047619,1,4
repkv,25,7,111.0,0,77,52,restore,1.0178571428571428,1,4
repkv,4,1,112.0,1,12,0,recompute,1.25,1,4
repkv,41,2,118.0,2,26,26,hit,0.16666666666666666,1,4
repkv,11,2,118.5,3,23,23,hit,0.125,1,4
repkv,27,0,120.0,0,0,0,hit,0.4166666666666667,1,4
repkv,32,4,122.5,1,44,36,restore,0.5773809523809523,1,4
repkv,6,0,123.0,0,0,0,hit,0.4583333333333333,1,4
repkv,24,1,123.0,2,13,0,recompute,1.2916666666666665,1,4
repkv,18,3,124.0,1,40,32,restore,0.5773809523809523,1,4
repkv,26,2,124.5,1,26,0,restore,1.4976190476190472,1,4
repkv,21,2,126.0,2,24,24,hit,0.375,1,4
repkv,11,3,127.5,3,30,30,hit,0.2916666666666667,1,4
repkv,18,4,132.5,1,49,49,hit,0.25,1,4
repkv,3,3,135.5,1,37,14,restore,0.988095238095238,1,4
repkv,24,2,136.5,2,24,24,hit,0.375,1,4
repkv,41,3,136.5,2,35,35,hit,1.1833333333333276,1,4
repkv,6,1,142.0,0,14,14,hit,0.25,1,4
repkv,21,3,142.5,2,39,39,hit,0.16666666666666666,1,4
repkv,4,2,143.5,1,24,0,restore,1.0654761904761905,1,4
repkv,27,1,143.5,0,13,13,hit,0.125,1,4
repkv,36,5,145.0,0,54,0,restore,2.303571428571429,0,4
repkv,18,5,150.0,1,60,44,restore,0.9047619047619047,1,4
repkv,11,4,151.0,3,42,42,hit,0.25,1,4
repkv,24,3,154.5,2,39,39,hit,0.3333333333333333,1,4
repkv,41,4,156.0,2,44,44,hit,0.25,1,4
repkv,32,5,158.5,1,55,0,restore,2.255952380952381,0,4
repkv,4,3,162.0,1,34,12,restore,0.9940476190476191,1,4
repkv,27,2,168.5,0,23,23,hit,0.16666666666666666,1,4
repkv,3,4,169.5,1,45,18,restore,1.2142857142857144,1,4
repkv,18,6,171.5,1,72,12,restore,2.392857142857143,0,4
repkv,26,3,173.5,1,39,0,restore,2.7190476190476094,0,4
repkv,32,6,175.0,1,65,8,restore,4.288095238095222,0,4
repkv,6,2,182.0,0,23,23,hit,0.16666666666666666,1,4
repkv,18,7,187.5,1,84,35,restore,1.9583333333333333,1,4
repkv,41,5,192.0,2,56,56,hit,0.2916666666666667,1,4
repkv,27,3,204.0,0,30,30,hit,0.20833333333333334,1,4
repkv,26,4,220.5,1,54,16,restore,1.523809523809524,1,4
on_demand,2,0,2.0,0,0,0,hit,0.3333333333333333,1,5
on_demand,33,0,2.0,1,0,0,hit,0.5833333333333334,1,5
on_demand,24,0,3.5,0,0,0,hit,0.625,1,5
on_demand,10,0,5.0,0,0,0,hit,0.4166666666666667,1,5
on_demand,20,0,5.0,1,0,0,hit,0.6666666666666666,1,5
on_demand,25,0,5.5,2,0,0,hit,0.375,1,5
on_demand,4,0,6.5,0,0,0,hit,0.5416666666666666,1,5
on_demand,29,0,8.0,0,0,0,hit,0.625,1,5
on_demand,44,0,8.0,1,0,0,hit,0.4583333333333333,1,5
on_demand,0,0,8.5,2,0,0,hit,0.6666666666666666,1,5
on_demand,6,0,9.0,1,0,0,hit,0.5833333333333334,1,5
on_demand,16,0,9.5,0,0,0,hit,0.5833333333333334,1,5
on_demand,19,0,10.0,1,0,0,hit,0.5833333333333334,1,5
on_demand,30,0,10.0,2,0,0,hit,0.3333333333333333,1,5
on_demand,3,0,12.0,0,0,0,hit,0.6666666666666666,1,5
on_demand,9,0,12.0,1,0,0,hit,0.625,1,5
on_demand,31,0,12.5,2,0,0,hit,0.5833333333333334,1,5
on_demand,35,0,12.5,3,0,0,hit,0.4166666666666667,1,5
on_demand,10,1,13.5,0,13,13,hit,0.25,1,5
on_demand,45,0,14.5,0,0,0,hit,0.5833333333333334,1,5
on_demand,20,1,15.0,1,21,21,hit,0.3333333333333333,1,5
on_demand,42,0,15.5,2,0,0,hit,0.5833333333333334,1,5
on_demand,2,1,16.0,0,14,14,hit,0.375,1,5
on_demand,4,1,16.5,0,16,16,hit,0.4416666666666652,1,5
on_demand,28,0,17.5,0,0,0,hit,0.375,1,5
on_demand,21,0,18.5,1,0,0,hit,0.375,1,5
on_demand,15,0,19.0,0,0,0,hit,0.4166666666666667,1,5
on_demand,11,0,20.0,0,0,0,hit,0.5,1,5
on_demand,16,1,20.0,1,16,0,recompute,1.5833333333333333,1,5
on_demand,12,0,21.5,0,0,0,hit,0.4166666666666667,1,5
on_demand,4,2,23.0,0,22,22,hit,0.25,1,5
on_demand,37,0,23.0,1,0,0,hit,0.4583333333333333,1,5
on_demand,41,0,23.0,2,0,0,hit,0.6666666666666666,1,5
on_demand,34,0,24.0,0,0,0,hit,0.4166666666666667,1,5
on_demand,7,0,25.0,1,0,0,hit,0.5,1,5
on_demand,14,0,25.0,2,0,0,hit,0.5,1,5
on_demand,16,2,26.0,1,26,26,hit,0.25,1,5
on_demand,13,0,26.5,0,0,0,hit,0.3333333333333333,1,5
on_demand,43,0,26.5,2,0,0,hit,0.5416666666666666,1,5
on_demand,38,0,27.0,1,0,0,hit,0.5416666666666666,1,5
on_demand,30,1,28.0,2,11,11,hit,0.20833333333333334,1,5
on_demand,3,1,29.0,0,20,0,restore,1.0892857142857144,1,5
on_demand,22,0,30.0,1,0,0,hit,0.375,1,5
on_demand,34,1,30.0,0,17,17,hit,0.8226190476190471,1,5
on_demand,20,2,30.5,1,32,32,hit,0.3999999999999986,1,5
on_demand,35,1,30.5,3,17,17,hit,0.375,1,5
on_demand,28,1,32.0,0,16,9,restore,0.375,1,5
on_demand,32,0,32.5,1,0,0,hit,0.6666666666666666,1,5
on_demand,36,0,32.5,2,0,0,hit,0.3333333333333333,1,5
on_demand,10,2,35.5,0,22,0,restore,1.0773809523809523,1,5
on_demand,4,3,36.5,0,31,14,restore,1.2178571428571423,1,5
on_demand,44,1,36.5,1,15,0,restore,0.8690476190476191,1,5
on_demand,2,2,37.0,2,27,0,recompute,2.375,0,5
on_demand,28,2,39.0,0,26,26,hit,0.25,1,5
on_demand,8,0,41.0,0,0,0,hit,0.5,1,5
on_demand,34,2,43.5,0,30,21,restore,0.48809523809523814,1,5
on_demand,22,1,45.0,1,13,13,hit,0.25,1,5
on_demand,13,1,46.0,0,13,0,restore,0.7559523809523809,1,5
on_demand,38,1,46.0,1,16,16,hit,0.375,1,5
on_demand,35,2,47.0,3,31,31,hit,0.16666666666666666,1,5
on_demand,6,1,47.5,1,17,0,restore,0.9821428571428571,1,5
on_demand,9,1,49.5,1,19,0,restore,1.0535714285714286,1,5
on_demand,45,1,49.5,0,19,0,restore,0.886904761904762,1,5
on_demand,36,1,50.0,2,10,10,hit,0.20833333333333334,1,5
on_demand,46,0,50.5,3,0,0,hit,0.5416666666666666,1,5
on_demand,5,0,51.0,0,0,0,hit,0.4166666666666667,1,5
on_demand,10,3,51.0,0,31,0,restore,2.3488095238095243,0,5
on_demand,44,2,51.5,1,28,28,hit,0.2916666666666667,1,5
on_demand,4,4,53.5,0,45,0,restore,2.2226190476190464,0,5
on_demand,32,1,53.5,1,18,3,restore,0.7023809523809523,1,5
on_demand,8,1,56.0,0,16,0,restore,0.9047619047619047,1,5
on_demand,23,0,56.0,1,0,0,hit,0.5833333333333334,1,5
on_demand,10,4,57.0,0,40,40,hit,0.6797619047619037,1,5
on_demand,1,0,57.5,1,0,0,hit,0.5416666666666666,1,5
on_demand,18,0,61.5,0,0,0,hit,0.4583333333333333,1,5
on_demand,0,1,62.5,2,18,0,restore,0.8511904761904763,1,5
on_demand,47,0,62.5,0,0,0,hit,0.625,1,5
on_demand,17,0,63.0,1,0,0,hit,0.4166666666666667,1,5
on_demand,10,5,63.5,0,54,54,hit,0.125,1,5
on_demand,35,3,66.0,3,40,40,hit,0.25,1,5
on_demand,23,1,66.5,1,17,17,hit,0.375,1,5
on_demand,18,1,68.5,0,13,13,hit,0.3333333333333333,1,5
on_demand,13,2,69.0,0,25,0,restore,1.4761904761904714,1,5
on_demand,22,2,69.0,1,21,0,restore,1.0833333333333333,1,5
on_demand,5,1,70.5,0,17,0,restore,1.5333333333333274,1,5
on_demand,25,1,70.5,2,11,0,restore,0.7678571428571428,1,5
on_demand,2,3,71.0,2,37,37,hit,0.9178571428571445,1,5
on_demand,34,3,71.0,0,37,0,restore,2.8797619047619083,0,5
on_demand,26,0,71.5,1,0,0,hit,0.625,1,5
on_demand,28,3,72.0,3,34,0,recompute,3.2083333333333335,0,5
on_demand,39,0,72.0,2,0,0,hit,0.9845238095238168,1,5
on_demand,27,0,72.5,1,0,0,hit,0.6666666666666666,1,5
on_demand,32,2,72.5,1,25,25,hit,1.2416666666666742,1,5
on_demand,18,2,74.5,0,26,26,hit,0.3333333333333333,1,5
on_demand,22,3,75.0,1,33,33,hit,0.20833333333333334,1,5
on_demand,47,1,75.0,0,17,0,restore,1.348809523809522,1,5
on_demand,24,1,76.0,0,18,0,restore,1.458333333333328,1,5
on_demand,9,2,76.5,1,33,0,restore,1.4285714285714286,1,5
on_demand,23,2,78.0,1,28,0,restore,1.4785714285714278,1,5
on_demand,30,2,78.0,2,18,5,restore,0.5892857142857143,1,5
on_demand,28,4,79.0,3,49,49,hit,0.16666666666666666,1,5
on_demand,27,1,82.5,1,15,0,restore,0.7023809523809523,1,5
on_demand,47,2,82.5,0,25,25,hit,0.375,1,5
on_demand,8,2,83.5,0,28,0,restore,1.375,1,5
on_demand,1,1,84.0,1,16,0,restore,0.8214285714285714,1,5
on_demand,23,3,85.0,1,39,39,hit,0.5964285714285751,1,5
on_demand,22,4,85.5,1,44,19,restore,1.4559523809523818,1,5
on_demand,6,2,86.5,1,30,0,restore,2.2190476190476263,0,5
on_demand,38,2,86.5,0,32,0,recompute,3.0416666666666665,0,5
on_demand,34,4,87.0,2,46,0,recompute,4.041666666666667,0,5
on_demand,32,3,87.5,1,39,0,restore,3.5452380952380995,0,5
on_demand,2,4,89.0,3,47,0,transfer+recompute,2.75,0,5
on_demand,0,2,89.5,0,28,0,recompute,2.941666666666677,0,5
on_demand,34,5,93.0,2,56,56,hit,0.16666666666666666,1,5
on_demand,21,1,93.5,1,12,0,restore,0.7619047619047619,1,5
on_demand,45,2,95.5,0,27,0,restore,1.255952380952381,1,5
on_demand,40,0,97.0,1,0,0,hit,0.5,1,5
on_demand,17,1,102.5,1,14,0,restore,0.7083333333333334,1,5
on_demand,38,3,102.5,0,45,45,hit,0.3333333333333333,1,5
on_demand,27,2,107.0,1,21,0,restore,0.875,1,5
on_demand,24,2,108.0,0,26,0,restore,1.3035714285714286,1,5
on_demand,9,3,110.5,1,42,0,restore,1.7916666666666667,1,5
on_demand,39,1,117.0,2,23,23,hit,0.2916666666666667,1,5
on_demand,27,3,118.0,1,27,27,hit,0.2916666666666667,1,5
on_demand,17,2,118.5,1,23,23,hit,0.4166666666666714,1,5
on_demand,26,1,119.5,1,20,0,restore,0.9226190476190477,1,5
on_demand,38,4,121.5,0,55,55,hit,0.375,1,5
on_demand,40,1,122.5,1,19,0,restore,0.886904761904762,1,5
on_demand,24,3,126.0,0,39,39,hit,0.375,1,5
on_demand,5,2,128.0,0,27,0,restore,1.130952380952381,1,5
on_demand,38,5,128.0,0,69,58,restore,2.4154761904761832,0,5
on_demand,0,3,147.0,0,34,0,restore,1.5892857142857142,1,5
on_demand,39,2,166.5,2,32,32,hit,0.20833333333333334,1,5
on_demand,21,2,167.5,1,25,0,restore,1.0595238095238095,1,5
on_demand,45,3,170.5,0,40,0,restore,1.6369047619047619,1,5
on_demand,26,2,194.5,1,30,30,hit,0.375,1,5
on_demand,0,4,219.0,0,45,45,hit,0.125,1,5
eager_full,2,0,2.0,0,0,0,hit,0.3333333333333333,1,5
eager_full,33,0,2.0,1,0,0,hit,0.5833333333333334,1,5
eager_full,24,0,3.5,0,0,0,hit,0.625,1,5
eager_full,10,0,5.0,0,0,0,hit,0.4166666666666667,1,5
eager_full,20,0,5.0,1,0,0,hit,0.6666666666666666,1,5
eager_full,25,0,5.5,2,0,0,hit,0.375,1,5
eager_full,4,0,6.5,0,0,0,hit,0.5416666666666666,1,5
eager_full,29,0,8.0,0,0,0,hit,0.625,1,5
eager_full,44,0,8.0,1,0,0,hit,0.4583333333333333,1,5
eager_full,0,0,8.5,2,0,0,hit,0.6666666666666666,1,5
eager_full,6,0,9.0,1,0,0,hit,0.5833333333333334,1,5
eager_full,16,0,9.5,0,0,0,hit,0.5833333333333334,1,5
eager_full,19,0,10.0,1,0,0,hit,0.5833333333333334,1,5
eager_full,30,0,10.0,2,0,0,hit,0.3333333333333333,1,5
eager_full,3,0,12.0,0,0,0,hit,0.6666666666666666,1,5
eager_full,9,0,12.0,1,0,0,hit,0.625,1,5
eager_full,31,0,12.5,2,0,0,hit,0.5833333333333334,1,5
eager_full,35,0,12.5,3,0,0,hit,0.4166666666666667,1,5
eager_full,10,1,13.5,0,13,13,hit,0.25,1,5
eager_full,45,0,14.5,0,0,0,hit,0.5833333333333334,1,5
eager_full,20,1,15.0,1,21,21,hit,0.3333333333333333,1,5
eager_full,42,0,15.5,2,0,0,hit,0.5833333333333334,1,5
eager_full,2,1,16.0,0,14,0,restore,0.875,1,5
eager_full,4,1,16.5,1,16,16,hit,0.16666666666666666,1,5
eager_full,28,0,17.5,0,0,0,hit,0.375,1,5
eager_full,21,0,18.5,1,0,0,hit,0.375,1,5
eager_full,15,0,19.0,0,0,0,hit,0.4166666666666667,1,5
eager_full,11,0,20.0,0,0,0,hit,0.5,1,5
eager_full,16,1,20.0,1,16,16,hit,0.25,1,5
eager_full,12,0,21.5,0,0,0,hit,0.4166666666666667,1,5
eager_full,4,2,23.0,1,22,22,hit,0.25,1,5
eager_full,37,0,23.0,0,0,0,hit,0.4583333333333333,1,5
eager_full,41,0,23.0,2,0,0,hit,0.6666666666666666,1,5
eager_full,34,0,24.0,0,0,0,hit,0.4166666666666667,1,5
eager_full,7,0,25.0,1,0,0,hit,0.5,1,5
eager_full,14,0,25.0,2,0,0,hit,0.5,1,5
eager_full,16,2,26.0,1,26,26,hit,0.25,1,5
eager_full,13,0,26.5,0,0,0,hit,0.3333333333333333,1,5
eager_full,43,0,26.5,2,0,0,hit,0.5416666666666666,1,5
eager_full,38,0,27.0,1,0,0,hit,0.5416666666666666,1,5
eager_full,30,1,28.0,2,11,11,hit,0.20833333333333334,1,5
eager_full,3,1,29.0,1,20,4,restore,0.9464285714285714,1,5
eager_full,22,0,30.0,0,0,0,hit,0.375,1,5
eager_full,34,1,30.0,1,17,8,recompute,1.4297619047619048,1,5
eager_full,20,2,30.5,0,32,0,restore,1.5428571428571414,1,5
eager_full,35,1,30.5,3,17,17,hit,0.375,1,5
eager_full,28,1,32.0,0,16,12,restore,0.7107142857142859,1,5
eager_full,32,0,32.5,1,0,0,hit,0.6666666666666666,1,5
eager_full,36,0,32.5,2,0,0,hit,0.3333333333333333,1,5
eager_full,10,2,35.5,0,22,0,restore,1.0773809523809523,1,5
eager_full,4,3,36.5,1,31,0,restore,1.4404761904761905,1,5
eager_full,44,1,36.5,0,15,0,restore+recompute,1.3369047619047614,1,5
eager_full,2,2,37.0,2,27,0,recompute,2.375,0,5
eager_full,28,2,39.0,0,26,26,hit,0.25,1,5
eager_full,8,0,41.0,0,0,0,hit,0.5,1,5
eager_full,34,2,43.5,2,30,30,hit,0.16666666666666666,1,5
eager_full,22,1,45.0,0,13,13,hit,0.25,1,5
eager_full,13,1,46.0,0,13,4,restore,0.6130952380952381,1,5
eager_full,38,1,46.0,1,16,0,restore,0.9464285714285714,1,5
eager_full,35,2,47.0,3,31,31,hit,0.16666666666666666,1,5
eager_full,6,1,47.5,1,17,17,hit,0.5214285714285722,1,5
eager_full,9,1,49.5,1,19,0,restore,1.0535714285714286,1,5
eager_full,45,1,49.5,0,19,0,restore,0.886904761904762,1,5
eager_full,36,1,50.0,2,10,0,restore,0.5654761904761905,1,5
eager_full,46,0,50.5,3,0,0,hit,0.5416666666666666,1,5
eager_full,5,0,51.0,0,0,0,hit,0.4166666666666667,1,5
eager_full,10,3,51.0,1,31,0,restore+recompute,2.0000000000000018,0,5
eager_full,44,2,51.5,0,28,0,restore,1.9083333333333339,1,5
eager_full,4,4,53.5,2,45,28,recompute,1.5833333333333335,1,5
eager_full,32,1,53.5,1,18,18,hit,0.26666666666666805,1,5
eager_full,8,1,56.0,0,16,16,hit,0.3333333333333333,1,5
eager_full,23,0,56.0,1,0,0,hit,0.5833333333333334,1,5
eager_full,10,4,57.0,1,40,40,hit,0.375,1,5
eager_full,1,0,57.5,0,0,0,hit,0.5416666666666666,1,5
eager_full,18,0,61.5,0,0,0,hit,0.4583333333333333,1,5
eager_full,0,1,62.5,2,18,0,restore,0.8511904761904762,1,5
eager_full,47,0,62.5,0,0,0,hit,0.625,1,5
eager_full,17,0,63.0,1,0,0,hit,0.4166666666666667,1,5
eager_full,10,5,63.5,1,54,54,hit,0.4416666666666629,1,5
eager_full,35,3,66.0,1,40,40,hit,0.25,1,5
eager_full,23,1,66.5,0,17,11,recompute,0.875,1,5
eager_full,18,1,68.5,0,13,0,restore,0.7976190476190477,1,5
eager_full,13,2,69.0,0,25,0,restore,1.9404761904761938,1,5
eager_full,22,2,69.0,1,21,0,restore+recompute,1.8928571428571428,1,5
eager_full,5,1,70.5,2,17,0,transfer+recompute,1.5333333333333332,1,5
eager_full,25,1,70.5,3,11,0,recompute,1.2916666666666665,1,5
eager_full,2,3,71.0,0,37,0,restore+recompute,2.68809523809524,0,5
eager_full,34,3,71.0,3,37,37,hit,1.316666666666677,1,5
eager_full,26,0,71.5,1,0,0,hit,0.625,1,5
eager_full,28,3,72.0,1,34,0,restore+recompute,2.5952380952380953,0,5
eager_full,39,0,72.0,2,0,0,hit,1.1000000000000036,1,5
eager_full,27,0,72.5,3,0,0,hit,0.958333333333338,1,5
eager_full,32,2,72.5,3,25,0,recompute,3.616666666666679,0,5
eager_full,18,2,74.5,0,26,13,restore,0.7976190476190477,1,5
eager_full,22,3,75.0,1,33,33,hit,0.4035714285714297,1,5
eager_full,47,1,75.0,2,17,0,transfer+recompute,1.5583333333333333,1,5
eager_full,24,1,76.0,0,18,0,restore,0.8095238095238095,1,5
eager_full,9,2,76.5,1,33,0,restore,1.4285714285714286,1,5
eager_full,23,2,78.0,2,28,19,recompute,1.0,1,5
eager_full,30,2,78.0,0,18,0,restore+recompute,0.8154761904761905,1,5
eager_full,28,4,79.0,1,49,49,hit,0.16666666666666666,1,5
eager_full,27,1,82.5,3,15,15,hit,0.16666666666666666,1,5
eager_full,47,2,82.5,2,25,25,hit,0.375,1,5
eager_full,8,2,83.5,0,28,0,restore,1.375,1,5
eager_full,1,1,84.0,1,16,0,restore,0.8214285714285714,1,5
eager_full,23,3,85.0,2,39,39,hit,0.375,1,5
eager_full,22,4,85.5,1,44,0,restore,1.7380952380952381,1,5
eager_full,6,2,86.5,0,30,9,recompute,2.0416666666666665,0,5
eager_full,38,2,86.5,1,32,0,restore,2.6559523809523893,0,5
eager_full,34,4,87.0,3,46,7,restore,1.601190476190476,1,5
eager_full,32,3,87.5,3,39,0,restore,3.327380952380958,0,5
eager_full,2,4,89.0,0,47,0,restore,1.986904761904761,1,5
eager_full,0,2,89.5,2,28,0,restore,1.1666666666666667,1,5
eager_full,34,5,93.0,3,56,56,hit,0.16666666666666666,1,5
eager_full,21,1,93.5,1,12,0,restore,0.7619047619047619,1,5
eager_full,45,2,95.5,0,27,0,restore,1.255952380952381,1,5
eager_full,40,0,97.0,1,0,0,hit,0.5,1,5
eager_full,17,1,102.5,1,14,14,hit,0.20833333333333334,1,5
eager_full,38,3,102.5,1,45,8,restore,2.2630952380952394,0,5
eager_full,27,2,107.0,3,21,0,restore,0.875,1,5
eager_full,24,2,108.0,0,26,0,restore,1.3035714285714286,1,5
eager_full,9,3,110.5,1,42,0,restore,1.7916666666666667,1,5
eager_full,39,1,117.0,2,23,23,hit,0.2916666666666667,1,5
eager_full,27,3,118.0,3,27,27,hit,0.2916666666666667,1,5
eager_full,17,2,118.5,1,23,23,hit,0.125,1,5
eager_full,26,1,119.5,0,20,18,recompute,0.375,1,5
eager_full,38,4,121.5,1,55,55,hit,0.375,1,5
eager_full,40,1,122.5,0,19,19,hit,0.20833333333333334,1,5
eager_full,24,3,126.0,0,39,39,hit,0.375,1,5
eager_full,5,2,128.0,2,27,0,restore,1.130952380952381,1,5
eager_full,38,5,128.0,1,69,69,hit,0.2916666666666667,1,5
eager_full,0,3,147.0,2,34,0,restore,1.5892857142857144,1,5
eager_full,39,2,166.5,2,32,32,hit,0.20833333333333334,1,5
eager_full,21,2,167.5,0,25,0,restore,1.0595238095238095,1,5
eager_full,45,3,170.5,0,40,0,restore,1.6369047619047619,1,5
eager_full,26,2,194.5,2,30,30,hit,0.375,1,5
eager_full,0,4,219.0,2,45,45,hit,0.125,1,5
repkv,2,0,2.0,0,0,0,hit,0.3333333333333333,1,5
repkv,33,0,2.0,1,0,0,hit,0.5833333333333334,1,5
repkv,24,0,3.5,0,0,0,hit,0.625,1,5
repkv,10,0,5.0,0,0,0,hit,0.4166666666666667,1,5
repkv,20,0,5.0,1,0,0,hit,0.6666666666666666,1,5
repkv,25,0,5.5,2,0,0,hit,0.375,1,5
repkv,4,0,6.5,0,0,0,hit,0.5416666666666666,1,5
repkv,29,0,8.0,0,0,0,hit,0.625,1,5
repkv,44,0,8.0,1,0,0,hit,0.4583333333333333,1,5
repkv,0,0,8.5,2,0,0,hit,0.6666666666666666,1,5
repkv,6,0,9.0,1,0,0,hit,0.5833333333333334,1,5
repkv,16,0,9.5,0,0,0,hit,0.5833333333333334,1,5
repkv,19,0,10.0,1,0,0,hit,0.5833333333333334,1,5
repkv,30,0,10.0,2,0,0,hit,0.3333333333333333,1,5
repkv,3,0,12.0,0,0,0,hit,0.6666666666666666,1,5
repkv,9,0,12.0,1,0,0,hit,0.625,1,5
repkv,31,0,12.5,2,0,0,hit,0.5833333333333334,1,5
repkv,35,0,12.5,3,0,0,hit,0.4166666666666667,1,5
repkv,10,1,13.5,0,13,13,hit,0.25,1,5
repkv,45,0,14.5,0,0,0,hit,0.5833333333333334,1,5
repkv,20,1,15.0,1,21,21,hit,0.3333333333333333,1,5
repkv,42,0,15.5,2,0,0,hit,0.5833333333333334,1,5
repkv,2,1,16.0,0,14,14,hit,0.375,1,5
repkv,4,1,16.5,0,16,16,hit,0.4416666666666652,1,5
repkv,28,0,17.5,0,0,0,hit,0.375,1,5
repkv,21,0,18.5,1,0,0,hit,0.375,1,5
repkv,15,0,19.0,0,0,0,hit,0.4166666666666667,1,5
repkv,11,0,20.0,0,0,0,hit,0.5,1,5
repkv,16,1,20.0,1,16,0,recompute,1.5833333333333333,1,5
repkv,12,0,21.5,0,0,0,hit,0.4166666666666667,1,5
repkv,4,2,23.0,0,22,18,restore,0.39285714285714285,1,5
repkv,37,0,23.0,1,0,0,hit,0.4583333333333333,1,5
repkv,41,0,23.0,2,0,0,hit,0.6666666666666666,1,5
repkv,34,0,24.0,0,0,0,hit,0.4166666666666667,1,5
repkv,7,0,25.0,1,0,0,hit,0.5,1,5
repkv,14,0,25.0,2,0,0,hit,0.5,1,5
repkv,16,2,26.0,1,26,26,hit,0.25,1,5
repkv,13,0,26.5,0,0,0,hit,0.3333333333333333,1,5
repkv,43,0,26.5,2,0,0,hit,0.5416666666666666,1,5
repkv,38,0,27.0,1,0,0,hit,0.5416666666666666,1,5
repkv,30,1,28.0,2,11,11,hit,0.20833333333333334,1,5
repkv,3,1,29.0,0,20,0,restore,1.0892857142857144,1,5
repkv,22,0,30.0,1,0,0,hit,0.375,1,5
repkv,34,1,30.0,0,17,3,restore,1.3226190476190471,1,5
repkv,20,2,30.5,1,32,3,restore,1.4357142857142844,1,5
repkv,35,1,30.5,3,17,17,hit,0.375,1,5
repkv,28,1,32.0,0,16,4,restore,0.5535714285714286,1,5
repkv,32,0,32.5,1,0,0,hit,0.6666666666666666,1,5
repkv,36,0,32.5,2,0,0,hit,0.3333333333333333,1,5
repkv,10,2,35.5,0,22,0,restore,1.0773809523809523,1,5
repkv,4,3,36.5,0,31,19,restore,1.0392857142857137,1,5
repkv,44,1,36.5,1,15,0,restore,0.8690476190476191,1,5
repkv,2,2,37.0,0,27,0,restore,2.228571428571427,0,5
repkv,28,2,39.0,0,26,7,restore,1.8571428571428592,1,5
repkv,8,0,41.0,1,0,0,hit,0.5,1,5
repkv,34,2,43.5,0,30,14,restore,0.738095238095238,1,5
repkv,22,1,45.0,1,13,0,restore,0.7142857142857143,1,5
repkv,13,1,46.0,0,13,0,restore,0.7559523809523809,1,5
repkv,38,1,46.0,1,16,4,restore,0.8035714285714286,1,5
repkv,35,2,47.0,3,31,31,hit,0.16666666666666666,1,5
repkv,6,1,47.5,1,17,0,restore,0.9857142857142905,1,5
repkv,9,1,49.5,1,19,0,restore,1.0535714285714286,1,5
repkv,45,1,49.5,0,19,0,restore,0.886904761904762,1,5
repkv,36,1,50.0,2,10,10,hit,0.20833333333333334,1,5
repkv,46,0,50.5,3,0,0,hit,0.5416666666666666,1,5
repkv,5,0,51.0,0,0,0,hit,0.4166666666666667,1,5
repkv,10,3,51.0,0,31,0,restore,2.3488095238095243,0,5
repkv,44,2,51.5,1,28,28,hit,0.2916666666666667,1,5
repkv,4,4,53.5,0,45,0,restore,2.2226190476190464,0,5
repkv,32,1,53.5,1,18,6,restore,0.5952380952380952,1,5
repkv,8,1,56.0,1,16,0,restore,0.9047619047619047,1,5
repkv,23,0,56.0,0,0,0,hit,0.5833333333333334,1,5
repkv,10,4,57.0,0,40,40,hit,0.375,1,5
repkv,1,0,57.5,1,0,0,hit,0.5416666666666666,1,5
repkv,18,0,61.5,0,0,0,hit,0.4583333333333333,1,5
repkv,0,1,62.5,2,18,18,hit,0.20833333333333334,1,5
repkv,47,0,62.5,0,0,0,hit,0.625,1,5
repkv,17,0,63.0,1,0,0,hit,0.4166666666666667,1,5
repkv,10,5,63.5,0,54,54,hit,0.125,1,5
repkv,35,3,66.0,3,40,40,hit,0.25,1,5
repkv,23,1,66.5,0,17,13,restore,0.5178571428571428,1,5
repkv,18,1,68.5,0,13,0,restore,0.7976190476190477,1,5
repkv,13,2,69.0,0,25,0,restore,1.9404761904761938,1,5
repkv,22,2,69.0,1,21,0,restore,1.0833333333333333,1,5
repkv,5,1,70.5,1,17,0,recompute,1.6666666666666667,1,5
repkv,25,1,70.5,2,11,0,restore,0.7678571428571428,1,5
repkv,2,3,71.0,0,37,0,restore,2.211904761904764,0,5
repkv,34,3,71.0,3,37,0,recompute,3.2083333333333335,0,5
repkv,26,0,71.5,2,0,0,hit,0.7928571428571445,1,5
repkv,28,3,72.0,0,34,0,restore,3.201190476190482,0,5
repkv,39,0,72.0,1,0,0,hit,1.2333333333333436,1,5
repkv,27,0,72.5,2,0,0,hit,0.8345238095238111,1,5
repkv,32,2,72.5,1,25,13,restore,2.23690476190478,0,5
repkv,18,2,74.5,2,26,6,recompute,2.0,1,5
repkv,22,3,75.0,1,33,10,restore,1.2666666666666866,1,5
repkv,47,1,75.0,0,17,0,restore,1.6166666666666607,1,5
repkv,24,1,76.0,3,18,0,recompute,1.6666666666666667,1,5
repkv,9,2,76.5,1,33,14,restore,1.2952380952381028,1,5
repkv,23,2,78.0,0,28,0,restore,1.25,1,5
repkv,30,2,78.0,2,18,0,restore,0.7678571428571429,1,5
repkv,28,4,79.0,0,49,44,restore,1.0952380952380953,1,5
repkv,27,1,82.5,2,15,7,restore,0.45238095238095233,1,5
repkv,47,2,82.5,0,25,17,restore,0.6607142857142857,1,5
repkv,8,2,83.5,1,28,8,restore,1.0892857142857144,1,5
repkv,1,1,84.0,0,16,0,recompute,1.5833333333333333,1,5
repkv,23,3,85.0,0,39,23,restore,1.9297619047619057,1,5
repkv,22,4,85.5,1,44,36,restore,0.45238095238095233,1,5
repkv,6,2,86.5,1,30,6,restore,1.1488095238095237,1,5
repkv,38,2,86.5,2,32,0,recompute,3.0416666666666665,0,5
repkv,34,4,87.0,3,46,46,hit,0.20833333333333334,1,5
repkv,32,3,87.5,1,39,19,restore,1.7964285714285604,1,5
repkv,2,4,89.0,0,47,25,restore,0.9523809523809523,1,5
repkv,0,2,89.5,2,28,16,restore,1.0369047619047724,1,5
repkv,34,5,93.0,3,56,56,hit,0.16666666666666666,1,5
repkv,21,1,93.5,1,12,0,restore,0.7619047619047619,1,5
repkv,45,2,95.5,0,27,0,restore,1.255952380952381,1,5
repkv,40,0,97.0,1,0,0,hit,0.5,1,5
repkv,17,1,102.5,1,14,0,restore,0.7083333333333334,1,5
repkv,38,3,102.5,2,45,45,hit,0.3333333333333333,1,5
repkv,27,2,107.0,2,21,9,restore,0.5535714285714286,1,5
repkv,24,2,108.0,3,26,26,hit,0.375,1,5
repkv,9,3,110.5,1,42,0,restore,1.7916666666666667,1,5
repkv,39,1,117.0,1,23,0,restore,1.1130952380952381,1,5
repkv,27,3,118.0,2,27,27,hit,0.2916666666666667,1,5
repkv,17,2,118.5,1,23,23,hit,0.125,1,5
repkv,26,1,119.5,2,20,8,restore,0.6369047619047619,1,5
repkv,38,4,121.5,2,55,44,restore,0.7678571428571428,1,5
repkv,40,1,122.5,1,19,19,hit,0.20833333333333334,1,5
repkv,24,3,126.0,3,39,39,hit,0.375,1,5
repkv,5,2,128.0,1,27,0,restore,1.130952380952381,1,5
repkv,38,5,128.0,2,69,69,hit,0.2916666666666667,1,5
repkv,0,3,147.0,2,34,25,restore,0.6964285714285714,1,5
repkv,39,2,166.5,1,32,20,restore,0.6369047619047619,1,5
repkv,21,2,167.5,1,25,0,restore,1.296428571428563,1,5
repkv,45,3,170.5,0,40,40,hit,0.20833333333333334,1,5
repkv,26,2,194.5,2,30,22,restore,0.6607142857142857,1,5
repkv,0,4,219.0,2,45,24,restore,0.875,1,5
