policy,sid,turn,arrival_s,node,history_blocks,missing_blocks,recovery,ttft_s,slo_success,seed
on_demand,10,0,2.0,0,0,0,hit,0.5416666666666666,1,1
on_demand,13,0,2.0,1,0,0,hit,0.625,1,1
on_demand,24,0,2.0,2,0,0,hit,0.4583333333333333,1,1
on_demand,2,0,2.5,3,0,0,hit,0.5416666666666666,1,1
on_demand,6,0,3.0,0,0,0,hit,0.4166666666666667,1,1
on_demand,8,0,3.0,1,0,0,hit,0.6666666666666666,1,1
on_demand,11,0,4.0,0,0,0,hit,0.4166666666666667,1,1
on_demand,21,0,5.0,0,0,0,hit,0.5,1,1
on_demand,33,0,5.0,1,0,0,hit,0.4583333333333333,1,1
on_demand,15,0,7.5,0,0,0,hit,0.5,1,1
on_demand,25,0,7.5,1,0,0,hit,0.5,1,1
on_demand,4,0,8.5,1,0,0,hit,0.5,1,1
on_demand,5,0,8.5,2,0,0,hit,0.375,1,1
on_demand,36,0,9.0,0,0,0,hit,0.5,1,1
on_demand,34,0,9.5,2,0,0,hit,0.375,1,1
on_demand,12,0,10.0,0,0,0,hit,0.5416666666666666,1,1
on_demand,9,0,11.0,0,0,0,hit,0.375,1,1
on_demand,31,0,11.0,1,0,0,hit,0.6666666666666666,1,1
on_demand,16,0,11.5,2,0,0,hit,0.5416666666666666,1,1
on_demand,13,1,12.0,1,17,0,hit,0.39999999999999974,1,1
on_demand,18,0,13.5,0,0,0,hit,0.625,1,1
on_demand,7,0,14.0,1,0,0,hit,0.5833333333333334,1,1
on_demand,8,1,14.5,1,18,0,hit,0.6333333333333346,1,1
on_demand,10,1,15.5,0,16,0,hit,0.20833333333333334,1,1
on_demand,35,0,16.5,0,0,0,hit,0.6666666666666666,1,1
on_demand,0,0,17.0,1,0,0,hit,0.375,1,1
on_demand,37,0,17.5,2,0,0,hit,0.6666666666666666,1,1
on_demand,15,1,18.0,0,19,0,hit,0.375,1,1
on_demand,5,1,18.5,2,12,0,hit,0.4333333333333359,1,1
on_demand,24,1,19.5,2,17,0,hit,0.3416666666666698,1,1
on_demand,25,1,20.0,1,16,0,hit,0.3333333333333333,1,1
on_demand,21,1,20.5,0,16,0,hit,0.16666666666666666,1,1
on_demand,9,1,21.0,0,14,0,hit,0.3333333333333333,1,1
on_demand,13,2,22.0,1,30,0,hit,0.3333333333333333,1,1
on_demand,22,0,22.0,0,0,0,hit,0.5833333333333334,1,1
on_demand,34,1,22.5,2,13,0,hit,0.375,1,1
on_demand,26,0,23.0,0,0,0,hit,0.375,1,1
on_demand,18,1,23.5,0,21,0,hit,0.508333333333334,1,1
on_demand,16,1,24.5,2,19,0,hit,0.3333333333333333,1,1
on_demand,17,0,24.5,1,0,0,hit,0.625,1,1
on_demand,10,2,25.5,0,24,24,recompute,2.2083333333333335,0,1
on_demand,14,0,25.5,2,0,0,hit,0.3333333333333333,1,1
on_demand,19,0,26.5,1,0,0,hit,0.4166666666666667,1,1
on_demand,30,0,26.5,2,0,0,hit,0.5833333333333334,1,1
on_demand,7,1,27.0,1,17,0,hit,0.6499999999999997,1,1
on_demand,20,0,28.0,2,0,0,hit,0.4583333333333333,1,1
on_demand,5,2,28.5,2,23,0,hit,0.40833333333333144,1,1
on_demand,35,1,28.5,0,21,15,transfer,0.9583333333333334,1,1
on_demand,3,0,30.0,1,0,0,hit,0.6666666666666666,1,1
on_demand,9,2,31.0,0,24,0,hit,0.375,1,1
on_demand,11,1,31.0,2,13,13,recompute,1.2083333333333333,1,1
on_demand,12,1,31.0,3,16,16,recompute,1.625,1,1
on_demand,0,1,32.0,1,13,0,hit,0.16666666666666666,1,1
on_demand,13,3,32.0,1,43,0,hit,0.7000000000000004,1,1
on_demand,26,1,33.0,0,12,0,hit,0.2916666666666667,1,1
on_demand,6,1,35.5,0,15,15,recompute,1.5416666666666667,1,1
on_demand,15,2,35.5,1,31,31,recompute,2.9583333333333335,0,1
on_demand,16,2,35.5,2,32,0,hit,0.20833333333333334,1,1
on_demand,10,3,36.0,0,32,0,hit,1.6333333333333282,1,1
on_demand,25,2,36.0,3,30,30,recompute,2.6666666666666665,0,1
on_demand,33,1,36.0,2,17,17,recompute,2.0750000000000055,0,1
on_demand,18,2,37.0,0,35,0,hit,1.5666666666666604,1,1
on_demand,24,2,37.5,2,28,28,recompute,3.6416666666666684,0,1
on_demand,28,0,37.5,1,0,0,hit,1.741666666666672,1,1
on_demand,35,2,38.5,0,32,32,recompute,3.3583333333333294,0,1
on_demand,36,1,39.0,3,15,15,recompute,1.6083333333333296,1,1
on_demand,5,3,39.5,1,36,36,transfer,2.0666666666666726,0,1
on_demand,3,1,40.0,3,21,21,transfer,2.208333333333324,0,1
on_demand,12,2,41.0,3,25,0,hit,1.574999999999991,1,1
on_demand,38,0,41.0,2,0,0,hit,1.0166666666666657,1,1
on_demand,22,1,41.5,1,18,18,recompute,2.0916666666666686,0,1
on_demand,8,2,42.0,0,27,27,recompute,2.699999999999991,0,1
on_demand,13,4,42.0,1,58,0,hit,2.31666666666667,0,1
on_demand,34,2,42.5,2,25,25,recompute,2.2083333333333335,0,1
on_demand,17,1,44.5,3,21,21,recompute,2.0416666666666665,0,1
on_demand,0,2,46.0,0,19,19,recompute,1.8333333333333333,1,1
on_demand,10,4,46.0,1,45,45,transfer,2.625,0,1
on_demand,33,2,46.0,2,27,0,hit,0.125,1,1
on_demand,7,2,46.5,3,30,30,recompute,3.0750000000000006,0,1
on_demand,18,3,47.0,0,48,0,hit,1.5000000000000024,1,1
on_demand,30,1,47.0,2,21,21,recompute,2.125,0,1
on_demand,32,0,47.0,1,0,0,hit,2.2583333333333306,0,1
on_demand,2,1,48.5,3,20,0,hit,1.8250000000000028,1,1
on_demand,37,1,48.5,0,22,22,recompute,2.908333333333336,0,1
on_demand,36,2,49.0,3,25,0,hit,2.3000000000000043,0,1
on_demand,21,2,49.5,2,22,22,recompute,2.408333333333336,0,1
on_demand,3,2,50.0,1,29,29,transfer,1.7416666666666667,1,1
on_demand,11,2,50.5,3,23,23,recompute,3.6250000000000075,0,1
on_demand,28,1,50.5,0,18,18,recompute,3.2166666666666734,0,1
on_demand,24,3,54.5,2,41,10,transfer,0.875,1,1
on_demand,19,1,55.5,0,14,14,recompute,1.5416666666666667,1,1
on_demand,1,0,56.0,1,0,0,hit,0.5833333333333334,1,1
on_demand,7,3,57.0,3,43,0,hit,0.20833333333333334,1,1
on_demand,18,4,57.0,0,59,0,hit,0.8499999999999991,1,1
on_demand,14,1,58.0,1,13,13,recompute,1.2916666666666665,1,1
on_demand,6,2,59.5,0,25,25,recompute,2.375,0,1
on_demand,16,3,59.5,2,44,44,recompute,4.0,0,1
on_demand,10,5,60.0,1,57,0,hit,0.375,1,1
on_demand,29,0,60.0,3,0,0,hit,0.5833333333333334,1,1
on_demand,31,1,60.0,1,20,20,recompute,2.61666666666667,0,1
on_demand,9,3,61.5,3,39,39,recompute,3.4583333333333335,0,1
on_demand,21,3,61.5,2,34,0,hit,2.6666666666666665,0,1
on_demand,34,3,63.5,0,30,30,recompute,2.7083333333333335,0,1
on_demand,4,1,64.5,1,19,19,recompute,1.7083333333333333,1,1
on_demand,19,2,65.5,0,29,0,hit,1.1749999999999925,1,1
on_demand,1,1,66.0,1,21,0,hit,0.8333333333333286,1,1
on_demand,20,1,66.0,2,13,13,recompute,1.2916666666666665,1,1
on_demand,30,2,67.0,3,37,37,recompute,3.3333333333333335,0,1
on_demand,36,3,67.0,0,41,41,transfer,2.349999999999997,0,1
on_demand,15,3,67.5,1,42,42,recompute,3.75,0,1
on_demand,25,3,68.0,2,38,38,recompute,3.375,0,1
on_demand,8,3,68.5,0,40,40,recompute,5.174999999999998,0,1
on_demand,17,2,70.0,3,30,30,recompute,3.2833333333333314,0,1
on_demand,27,0,70.5,1,0,0,hit,1.7166666666666637,1,1
on_demand,16,4,71.5,2,57,0,hit,0.6833333333333277,1,1
on_demand,38,1,72.5,2,11,11,recompute,1.6333333333333255,1,1
on_demand,0,3,73.0,1,30,30,recompute,2.8333333333333335,0,1
on_demand,35,3,73.5,3,38,38,recompute,3.558333333333337,0,1
on_demand,39,0,74.0,0,0,0,hit,0.6083333333333247,1,1
on_demand,14,2,74.5,2,23,23,recompute,2.2833333333333314,0,1
on_demand,23,0,75.0,0,0,0,hit,0.5249999999999868,1,1
on_demand,1,2,76.0,1,30,0,hit,0.5833333333333286,1,1
on_demand,20,2,76.0,0,20,20,transfer,1.25,1,1
on_demand,34,4,76.0,0,38,25,transfer,2.825000000000003,0,1
on_demand,9,4,77.0,3,51,0,hit,0.8916666666666704,1,1
on_demand,36,4,77.0,0,51,0,hit,2.358333333333339,0,1
on_demand,28,2,78.0,1,30,30,recompute,2.7083333333333335,0,1
on_demand,13,5,78.5,2,63,63,recompute,5.458333333333333,0,1
on_demand,8,4,80.0,0,53,53,recompute,4.625,0,1
on_demand,15,4,80.0,1,51,9,transfer,2.0333333333333288,0,1
on_demand,25,4,80.0,3,49,49,transfer,2.7833333333333337,0,1
on_demand,24,4,80.5,1,56,56,recompute,6.775000000000001,0,1
on_demand,26,2,80.5,3,26,26,recompute,5.1166666666666645,0,1
on_demand,21,4,81.0,2,45,45,recompute,7.258333333333326,0,1
on_demand,32,1,81.0,0,14,14,recompute,5.441666666666673,0,1
on_demand,7,4,82.5,3,54,54,recompute,8.38333333333332,0,1
on_demand,38,2,82.5,0,23,23,transfer,5.866666666666683,0,1
on_demand,19,3,83.0,1,38,38,recompute,8.216666666666677,0,1
on_demand,35,4,83.5,0,48,48,transfer,7.800000000000025,0,1
on_demand,34,5,86.0,2,43,43,transfer,5.141666666666665,0,1
on_demand,23,1,90.0,3,12,12,recompute,2.491666666666665,0,1
on_demand,25,5,90.0,3,62,0,hit,2.9833333333333294,0,1
on_demand,27,1,90.0,1,23,23,recompute,3.825000000000022,0,1
on_demand,26,3,90.5,3,36,0,hit,3.2166666666666734,0,1
on_demand,14,3,91.0,2,33,0,hit,1.0500000000000018,1,1
on_demand,21,5,91.0,2,55,0,hit,2.125,0,1
on_demand,32,2,91.0,0,24,0,hit,0.9083333333333646,1,1
on_demand,29,1,91.5,0,18,18,recompute,2.65833333333336,0,1
on_demand,22,2,94.0,2,27,27,recompute,2.4583333333333335,0,1
on_demand,35,5,95.0,0,60,0,hit,0.375,1,1
on_demand,13,6,96.0,1,71,71,recompute,6.083333333333334,0,1
on_demand,4,2,97.0,0,27,27,recompute,2.5416666666666665,0,1
on_demand,2,2,97.5,2,32,32,recompute,2.875,0,1
on_demand,14,4,101.0,2,45,11,transfer,0.8,1,1
on_demand,32,3,101.0,0,34,21,transfer,1.3,1,1
on_demand,26,4,101.5,3,48,0,hit,0.25,1,1
on_demand,6,3,102.5,1,39,39,recompute,3.5,0,1
on_demand,29,2,102.5,0,31,0,hit,0.3499999999999943,1,1
on_demand,38,3,102.5,2,34,34,recompute,3.041666666666667,0,1
on_demand,31,2,103.0,3,35,35,recompute,3.0416666666666665,0,1
on_demand,34,6,106.0,0,58,58,recompute,5.041666666666666,0,1
on_demand,39,1,107.0,1,13,13,recompute,1.4583333333333333,1,1
on_demand,37,2,108.5,2,37,37,recompute,3.4583333333333335,0,1
on_demand,11,3,110.5,1,31,31,recompute,2.916666666666667,0,1
on_demand,27,2,110.5,3,35,35,transfer,2.0416666666666665,0,1
on_demand,32,4,111.0,0,43,0,hit,0.6083333333333437,1,1
on_demand,9,5,111.5,0,63,63,recompute,6.350000000000018,0,1
on_demand,4,3,112.0,2,37,37,transfer,2.6833333333333287,0,1
on_demand,17,3,112.5,3,40,40,recompute,4.208333333333338,0,1
on_demand,19,4,112.5,1,51,51,recompute,5.6333333333333355,0,1
on_demand,26,5,114.0,3,57,0,hit,3.700000000000012,0,1
on_demand,20,3,114.5,2,28,28,recompute,3.166666666666662,0,1
on_demand,22,3,114.5,3,37,37,recompute,6.875000000000015,0,1
on_demand,39,2,120.5,1,25,0,hit,0.16666666666666666,1,1
on_demand,14,5,122.0,0,54,54,recompute,4.666666666666667,0,1
on_demand,8,5,123.5,1,62,62,recompute,5.291666666666667,0,1
on_demand,6,4,124.5,2,47,47,transfer,2.5166666666666666,0,1
on_demand,9,6,126.0,0,74,0,hit,0.9916666666666742,1,1
on_demand,38,4,127.0,2,43,5,transfer,0.8416666666666686,1,1
on_demand,17,4,128.0,3,55,0,hit,0.3333333333333333,1,1
on_demand,29,3,128.0,0,40,40,recompute,3.5833333333333335,0,1
on_demand,4,4,129.5,1,50,50,recompute,4.458333333333334,0,1
on_demand,27,3,131.5,2,47,47,recompute,4.166666666666666,0,1
on_demand,20,4,132.5,0,41,41,transfer,2.3416666666666663,0,1
on_demand,2,3,134.0,3,41,41,recompute,3.7916666666666665,0,1
on_demand,6,5,134.5,2,53,0,hit,1.7749999999999961,1,1
on_demand,7,5,135.5,0,62,62,recompute,5.458333333333334,0,1
on_demand,14,6,135.5,1,60,60,recompute,5.125,0,1
on_demand,25,6,136.5,2,73,73,recompute,6.591666666666677,0,1
on_demand,27,4,141.5,2,57,0,hit,2.1583333333333408,0,1
on_demand,29,4,143.0,0,53,0,hit,0.16666666666666666,1,1
on_demand,2,4,144.0,3,56,0,hit,0.25,1,1
on_demand,4,5,145.0,1,62,0,hit,0.20833333333333334,1,1
on_demand,31,3,149.5,0,40,40,recompute,3.541666666666667,0,1
on_demand,23,2,150.0,1,19,19,recompute,1.9583333333333333,1,1
on_demand,7,6,154.5,0,73,6,transfer,0.5916666666666667,1,1
on_demand,31,4,159.5,0,52,22,transfer,1.35,1,1
on_demand,4,6,163.0,1,69,0,hit,0.2916666666666667,1,1
on_demand,19,5,164.5,0,59,59,recompute,5.125,0,1
on_demand,26,6,167.5,1,67,67,recompute,5.958333333333333,0,1
on_demand,32,5,171.0,0,54,54,recompute,4.791666666666667,0,1
on_demand,32,6,181.0,0,64,0,hit,0.3333333333333333,1,1
on_demand,23,3,186.0,1,35,15,transfer,1.0833333333333333,1,1
on_demand,19,6,195.0,0,69,28,transfer,1.6083333333333332,1,1
eager_full,10,0,2.0,0,0,0,hit,0.5416666666666666,1,1
eager_full,13,0,2.0,1,0,0,hit,0.625,1,1
eager_full,24,0,2.0,2,0,0,hit,0.4583333333333333,1,1
eager_full,2,0,2.5,3,0,0,hit,0.5416666666666666,1,1
eager_full,6,0,3.0,0,0,0,hit,0.4166666666666667,1,1
eager_full,8,0,3.0,1,0,0,hit,0.6666666666666666,1,1
eager_full,11,0,4.0,0,0,0,hit,0.4166666666666667,1,1
eager_full,21,0,5.0,0,0,0,hit,0.5,1,1
eager_full,33,0,5.0,1,0,0,hit,0.4583333333333333,1,1
eager_full,15,0,7.5,0,0,0,hit,0.5,1,1
eager_full,25,0,7.5,1,0,0,hit,0.5,1,1
eager_full,4,0,8.5,1,0,0,hit,0.5,1,1
eager_full,5,0,8.5,2,0,0,hit,0.375,1,1
eager_full,36,0,9.0,0,0,0,hit,0.5,1,1
eager_full,34,0,9.5,2,0,0,hit,0.375,1,1
eager_full,12,0,10.0,0,0,0,hit,0.5416666666666666,1,1
eager_full,9,0,11.0,0,0,0,hit,0.375,1,1
eager_full,31,0,11.0,1,0,0,hit,0.6666666666666666,1,1
eager_full,16,0,11.5,2,0,0,hit,0.5416666666666666,1,1
eager_full,13,1,12.0,1,17,0,hit,0.39999999999999974,1,1
eager_full,18,0,13.5,0,0,0,hit,0.625,1,1
eager_full,7,0,14.0,1,0,0,hit,0.5833333333333334,1,1
eager_full,8,1,14.5,1,18,0,hit,0.6333333333333346,1,1
eager_full,10,1,15.5,0,16,0,hit,0.20833333333333334,1,1
eager_full,35,0,16.5,0,0,0,hit,0.6666666666666666,1,1
eager_full,0,0,17.0,1,0,0,hit,0.375,1,1
eager_full,37,0,17.5,2,0,0,hit,0.6666666666666666,1,1
eager_full,15,1,18.0,0,19,0,hit,0.375,1,1
eager_full,5,1,18.5,2,12,0,hit,0.4333333333333359,1,1
eager_full,24,1,19.5,0,17,0,hit,0.20833333333333334,1,1
eager_full,25,1,20.0,1,16,0,hit,0.3333333333333333,1,1
eager_full,21,1,20.5,3,16,8,transfer,0.5666666666666667,1,1
eager_full,9,1,21.0,0,14,0,hit,0.3333333333333333,1,1
eager_full,13,2,22.0,1,30,0,hit,0.3333333333333333,1,1
eager_full,22,0,22.0,0,0,0,hit,0.5833333333333334,1,1
eager_full,34,1,22.5,2,13,0,hit,0.375,1,1
eager_full,26,0,23.0,0,0,0,hit,0.375,1,1
eager_full,18,1,23.5,0,21,0,hit,0.508333333333334,1,1
eager_full,16,1,24.5,2,19,0,hit,0.3333333333333333,1,1
eager_full,17,0,24.5,1,0,0,hit,0.625,1,1
eager_full,10,2,25.5,3,24,23,transfer,1.3583333333333332,1,1
eager_full,14,0,25.5,0,0,0,hit,0.3333333333333333,1,1
eager_full,19,0,26.5,0,0,0,hit,0.4166666666666667,1,1
eager_full,30,0,26.5,1,0,0,hit,0.5833333333333334,1,1
eager_full,7,1,27.0,1,17,0,hit,1.1166666666666647,1,1
eager_full,20,0,28.0,0,0,0,hit,0.4583333333333333,1,1
eager_full,5,2,28.5,2,23,0,hit,0.25,1,1
eager_full,35,1,28.5,3,21,0,hit,0.20833333333333334,1,1
eager_full,3,0,30.0,0,0,0,hit,0.6666666666666666,1,1
eager_full,9,2,31.0,0,24,0,hit,0.5416666666666679,1,1
eager_full,11,1,31.0,3,13,12,transfer,0.725,1,1
eager_full,12,1,31.0,1,16,16,transfer,1.0916666666666668,1,1
eager_full,0,1,32.0,2,13,13,transfer,0.8166666666666667,1,1
eager_full,13,3,32.0,1,43,0,hit,0.6250000000000047,1,1
eager_full,26,1,33.0,0,12,6,transfer,0.5916666666666667,1,1
eager_full,6,1,35.5,3,15,14,transfer,0.9916666666666667,1,1
eager_full,15,2,35.5,0,31,31,recompute,2.9583333333333335,0,1
eager_full,16,2,35.5,2,32,0,hit,0.20833333333333334,1,1
eager_full,10,3,36.0,3,32,0,hit,1.083333333333331,1,1
eager_full,25,2,36.0,1,30,30,transfer,1.6666666666666667,1,1
eager_full,33,1,36.0,2,17,17,transfer,1.5083333333333386,1,1
eager_full,18,2,37.0,0,35,2,transfer,2.091666666666672,0,1
eager_full,24,2,37.5,3,28,27,transfer,1.8666666666666634,1,1
eager_full,28,0,37.5,2,0,0,hit,0.9916666666666719,1,1
eager_full,35,2,38.5,3,32,2,transfer,1.5916666666666601,1,1
eager_full,36,1,39.0,1,15,13,transfer,0.9416666666666667,1,1
eager_full,5,3,39.5,2,36,0,hit,0.125,1,1
eager_full,3,1,40.0,0,21,21,recompute,2.0,1,1
eager_full,12,2,41.0,1,25,0,hit,0.16666666666666666,1,1
eager_full,38,0,41.0,2,0,0,hit,0.375,1,1
eager_full,22,1,41.5,3,18,17,transfer,0.975,1,1
eager_full,8,2,42.0,1,27,27,transfer,1.6416666666666668,1,1
eager_full,13,4,42.0,2,58,58,transfer,3.025,0,1
eager_full,34,2,42.5,0,25,25,transfer,1.375,1,1
eager_full,17,1,44.5,3,21,20,transfer,1.2916666666666667,1,1
eager_full,0,2,46.0,0,19,19,recompute,1.8333333333333333,1,1
eager_full,10,4,46.0,3,45,41,transfer,2.425,0,1
eager_full,33,2,46.0,2,27,4,transfer,0.325,1,1
eager_full,7,2,46.5,1,30,30,transfer,1.8333333333333333,1,1
eager_full,18,3,47.0,0,48,0,hit,1.5000000000000024,1,1
eager_full,30,1,47.0,2,21,21,transfer,1.4500000000000057,1,1
eager_full,32,0,47.0,3,0,0,hit,2.058333333333328,0,1
eager_full,2,1,48.5,1,20,20,transfer,1.5833333333333357,1,1
eager_full,37,1,48.5,0,22,2,transfer,1.175000000000003,1,1
eager_full,36,2,49.0,2,25,25,transfer,1.7750000000000057,1,1
eager_full,21,2,49.5,3,22,21,transfer,1.4583333333333315,1,1
eager_full,3,2,50.0,0,29,29,transfer,2.0166666666666724,0,1
eager_full,11,2,50.5,1,23,23,transfer,1.5416666666666703,1,1
eager_full,28,1,50.5,2,18,18,recompute,2.683333333333342,0,1
eager_full,24,3,54.5,3,41,40,transfer,2.375,0,1
eager_full,19,1,55.5,0,14,14,transfer,1.075,1,1
eager_full,1,0,56.0,1,0,0,hit,0.5833333333333334,1,1
eager_full,7,3,57.0,1,43,0,hit,0.4916666666666719,1,1
eager_full,18,4,57.0,0,59,0,hit,0.38333333333333763,1,1
eager_full,14,1,58.0,3,13,12,transfer,0.8083333333333333,1,1
eager_full,6,2,59.5,0,25,25,recompute,2.375,0,1
eager_full,16,3,59.5,3,44,43,transfer,2.4833333333333334,0,1
eager_full,10,5,60.0,1,57,57,transfer,3.225,0,1
eager_full,29,0,60.0,2,0,0,hit,0.5833333333333334,1,1
eager_full,31,1,60.0,2,20,16,transfer,2.158333333333334,0,1
eager_full,9,3,61.5,3,39,38,transfer,3.0916666666666677,0,1
eager_full,21,3,61.5,0,34,34,transfer,2.9416666666666695,0,1
eager_full,34,3,63.5,1,30,30,recompute,2.7083333333333335,0,1
eager_full,4,1,64.5,2,19,19,transfer,1.075,1,1
eager_full,19,2,65.5,0,29,14,transfer,0.8666666666666666,1,1
eager_full,1,1,66.0,1,21,0,hit,0.6333333333333258,1,1
eager_full,20,1,66.0,3,13,12,transfer,0.8083333333333333,1,1
eager_full,30,2,67.0,2,37,19,transfer,1.2,1,1
eager_full,36,3,67.0,2,41,0,hit,1.5250000000000057,1,1
eager_full,15,3,67.5,3,42,41,transfer,2.3,0,1
eager_full,25,3,68.0,0,38,38,recompute,3.375,0,1
eager_full,8,3,68.5,1,40,40,transfer,2.2916666666666665,0,1
eager_full,17,2,70.0,2,30,29,transfer,1.7,1,1
eager_full,27,0,70.5,3,0,0,hit,0.6666666666666666,1,1
eager_full,16,4,71.5,3,57,38,transfer,2.4750000000000076,0,1
eager_full,38,1,72.5,1,11,0,hit,0.3333333333333333,1,1
eager_full,0,3,73.0,0,30,30,recompute,2.8333333333333335,0,1
eager_full,35,3,73.5,1,38,38,transfer,2.1083333333333334,0,1
eager_full,39,0,74.0,2,0,0,hit,0.3333333333333333,1,1
eager_full,14,2,74.5,3,23,22,transfer,1.6083333333333447,1,1
eager_full,23,0,75.0,2,0,0,hit,0.4166666666666667,1,1
eager_full,1,2,76.0,1,30,0,hit,0.3583333333333343,1,1
eager_full,20,2,76.0,2,20,20,transfer,1.25,1,1
eager_full,34,4,76.0,1,38,0,hit,1.0833333333333286,1,1
eager_full,9,4,77.0,3,51,50,transfer,2.8333333333333335,0,1
eager_full,36,4,77.0,2,51,0,hit,0.7833333333333361,1,1
eager_full,28,2,78.0,0,30,30,recompute,2.7083333333333335,0,1
eager_full,13,5,78.5,1,63,63,transfer,3.3583333333333334,0,1
eager_full,8,4,80.0,2,53,53,recompute,4.625,0,1
eager_full,15,4,80.0,3,51,33,transfer,2.258333333333334,0,1
eager_full,25,4,80.0,0,49,0,hit,1.5416666666666619,1,1
eager_full,24,4,80.5,0,56,56,transfer,4.716666666666657,0,1
eager_full,26,2,80.5,1,26,26,recompute,3.9916666666666645,0,1
eager_full,21,4,81.0,3,45,45,transfer,3.958333333333343,0,1
eager_full,32,1,81.0,2,14,14,recompute,5.441666666666673,0,1
eager_full,7,4,82.5,1,54,54,recompute,7.258333333333321,0,1
eager_full,38,2,82.5,3,23,19,transfer,4.183333333333349,0,1
eager_full,19,3,83.0,0,38,38,recompute,6.158333333333326,0,1
eager_full,35,4,83.5,2,48,48,transfer,6.075000000000016,0,1
eager_full,34,5,86.0,3,43,14,transfer,1.9166666666666874,1,1
eager_full,23,1,90.0,3,12,11,transfer,0.7583333333333334,1,1
eager_full,25,5,90.0,0,62,2,transfer,0.3916666666666667,1,1
eager_full,27,1,90.0,2,23,23,transfer,1.4416666666666667,1,1
eager_full,26,3,90.5,1,36,0,hit,0.3333333333333333,1,1
eager_full,14,3,91.0,3,33,32,transfer,1.8083333333333333,1,1
eager_full,21,5,91.0,0,55,55,transfer,3.125,0,1
eager_full,32,2,91.0,2,24,0,hit,1.1499999999999961,1,1
eager_full,29,1,91.5,1,18,18,transfer,1.15,1,1
eager_full,22,2,94.0,1,27,27,recompute,2.4583333333333335,0,1
eager_full,35,5,95.0,2,60,0,hit,0.375,1,1
eager_full,13,6,96.0,1,71,41,transfer,3.174999999999995,0,1
eager_full,4,2,97.0,3,27,26,transfer,1.5916666666666668,1,1
eager_full,2,2,97.5,0,32,32,transfer,1.8083333333333333,1,1
eager_full,14,4,101.0,3,45,0,hit,0.25,1,1
eager_full,32,3,101.0,2,34,0,hit,0.25,1,1
eager_full,26,4,101.5,0,48,48,recompute,4.25,0,1
eager_full,6,3,102.5,3,39,38,transfer,2.15,0,1
eager_full,29,2,102.5,1,31,10,transfer,0.75,1,1
eager_full,38,3,102.5,2,34,32,transfer,1.8083333333333333,1,1
eager_full,31,2,103.0,1,35,35,transfer,2.424999999999997,0,1
eager_full,34,6,106.0,3,58,57,transfer,3.0583333333333336,0,1
eager_full,39,1,107.0,0,13,0,hit,0.375,1,1
eager_full,37,2,108.5,0,37,37,transfer,2.225,0,1
eager_full,11,3,110.5,3,31,30,transfer,1.8333333333333333,1,1
eager_full,27,2,110.5,1,35,35,transfer,2.0416666666666665,0,1
eager_full,32,4,111.0,2,43,0,hit,0.16666666666666666,1,1
eager_full,9,5,111.5,0,63,63,transfer,3.4416666666666664,0,1
eager_full,4,3,112.0,2,37,37,recompute,3.4583333333333335,0,1
eager_full,17,3,112.5,3,40,39,transfer,2.4166666666666594,0,1
eager_full,19,4,112.5,1,51,51,transfer,3.2583333333333377,0,1
eager_full,26,5,114.0,0,57,0,hit,1.6333333333333353,1,1
eager_full,20,3,114.5,3,28,27,transfer,2.71666666666666,0,1
eager_full,22,3,114.5,2,37,37,recompute,4.733333333333335,0,1
eager_full,39,2,120.5,1,25,0,hit,0.16666666666666666,1,1
eager_full,14,5,122.0,0,54,54,recompute,4.666666666666667,0,1
eager_full,8,5,123.5,3,62,61,transfer,3.175,0,1
eager_full,6,4,124.5,1,47,47,transfer,2.5166666666666666,0,1
eager_full,9,6,126.0,0,74,18,transfer,1.8916666666666742,1,1
eager_full,38,4,127.0,2,43,43,recompute,3.9583333333333335,0,1
eager_full,17,4,128.0,3,55,31,transfer,1.8833333333333333,1,1
eager_full,29,3,128.0,1,40,40,transfer,2.25,0,1
eager_full,4,4,129.5,2,50,0,hit,2.449999999999998,0,1
eager_full,27,3,131.5,0,47,47,recompute,4.166666666666666,0,1
eager_full,20,4,132.5,1,41,41,recompute,3.708333333333333,0,1
eager_full,2,3,134.0,3,41,40,transfer,2.375,0,1
eager_full,6,5,134.5,1,53,0,hit,2.4166666666666763,0,1
eager_full,7,5,135.5,2,62,62,transfer,3.3916666666666666,0,1
eager_full,14,6,135.5,0,60,15,transfer,1.4416666666666629,1,1
eager_full,25,6,136.5,3,73,73,recompute,6.89166666666666,0,1
eager_full,27,4,141.5,0,57,0,hit,0.16666666666666666,1,1
eager_full,29,4,143.0,1,53,41,transfer,2.2166666666666663,0,1
eager_full,2,4,144.0,3,56,0,hit,0.25,1,1
eager_full,4,5,145.0,2,62,0,hit,0.20833333333333334,1,1
eager_full,31,3,149.5,3,40,4,transfer,0.4083333333333333,1,1
eager_full,23,2,150.0,0,19,19,transfer,1.325,1,1
eager_full,7,6,154.5,2,73,24,transfer,1.4916666666666667,1,1
eager_full,31,4,159.5,3,52,0,hit,0.25,1,1
eager_full,4,6,163.0,2,69,45,transfer,2.5416666666666665,0,1
eager_full,19,5,164.5,3,59,58,transfer,3.1083333333333334,0,1
eager_full,26,6,167.5,0,67,67,recompute,5.958333333333333,0,1
eager_full,32,5,171.0,2,54,0,hit,0.2916666666666667,1,1
eager_full,32,6,181.0,2,64,0,hit,0.3333333333333333,1,1
eager_full,23,3,186.0,0,35,0,hit,0.3333333333333333,1,1
eager_full,19,6,195.0,3,69,15,transfer,0.9583333333333334,1,1
repkv,10,0,2.0,0,0,0,hit,0.5416666666666666,1,1
repkv,13,0,2.0,1,0,0,hit,0.625,1,1
repkv,24,0,2.0,2,0,0,hit,0.4583333333333333,1,1
repkv,2,0,2.5,3,0,0,hit,0.5416666666666666,1,1
repkv,6,0,3.0,0,0,0,hit,0.4166666666666667,1,1
repkv,8,0,3.0,1,0,0,hit,0.6666666666666666,1,1
repkv,11,0,4.0,0,0,0,hit,0.4166666666666667,1,1
repkv,21,0,5.0,0,0,0,hit,0.5,1,1
repkv,33,0,5.0,1,0,0,hit,0.4583333333333333,1,1
repkv,15,0,7.5,0,0,0,hit,0.5,1,1
repkv,25,0,7.5,1,0,0,hit,0.5,1,1
repkv,4,0,8.5,1,0,0,hit,0.5,1,1
repkv,5,0,8.5,2,0,0,hit,0.375,1,1
repkv,36,0,9.0,0,0,0,hit,0.5,1,1
repkv,34,0,9.5,2,0,0,hit,0.375,1,1
repkv,12,0,10.0,0,0,0,hit,0.5416666666666666,1,1
repkv,9,0,11.0,0,0,0,hit,0.375,1,1
repkv,31,0,11.0,1,0,0,hit,0.6666666666666666,1,1
repkv,16,0,11.5,2,0,0,hit,0.5416666666666666,1,1
repkv,13,1,12.0,1,17,0,hit,0.39999999999999974,1,1
repkv,18,0,13.5,0,0,0,hit,0.625,1,1
repkv,7,0,14.0,1,0,0,hit,0.5833333333333334,1,1
repkv,8,1,14.5,1,18,0,hit,0.6333333333333346,1,1
repkv,10,1,15.5,0,16,0,hit,0.20833333333333334,1,1
repkv,35,0,16.5,0,0,0,hit,0.6666666666666666,1,1
repkv,0,0,17.0,1,0,0,hit,0.375,1,1
repkv,37,0,17.5,2,0,0,hit,0.6666666666666666,1,1
repkv,15,1,18.0,0,19,0,hit,0.375,1,1
repkv,5,1,18.5,2,12,0,hit,0.4333333333333359,1,1
repkv,24,1,19.5,2,17,0,hit,0.3416666666666698,1,1
repkv,25,1,20.0,1,16,0,hit,0.3333333333333333,1,1
repkv,21,1,20.5,0,16,0,hit,0.16666666666666666,1,1
repkv,9,1,21.0,0,14,14,recompute,1.5,1,1
repkv,13,2,22.0,1,30,0,hit,0.3333333333333333,1,1
repkv,22,0,22.0,2,0,0,hit,0.5833333333333334,1,1
repkv,34,1,22.5,2,13,0,hit,0.8583333333333307,1,1
repkv,26,0,23.0,0,0,0,hit,0.375,1,1
repkv,18,1,23.5,0,21,0,hit,0.508333333333334,1,1
repkv,16,1,24.5,2,19,0,hit,0.3333333333333333,1,1
repkv,17,0,24.5,1,0,0,hit,0.625,1,1
repkv,10,2,25.5,3,24,23,transfer,1.3583333333333332,1,1
repkv,14,0,25.5,0,0,0,hit,0.3333333333333333,1,1
repkv,19,0,26.5,0,0,0,hit,0.4166666666666667,1,1
repkv,30,0,26.5,1,0,0,hit,0.5833333333333334,1,1
repkv,7,1,27.0,1,17,0,hit,1.1166666666666647,1,1
repkv,20,0,28.0,0,0,0,hit,0.4583333333333333,1,1
repkv,5,2,28.5,2,23,0,hit,0.25,1,1
repkv,35,1,28.5,0,21,0,hit,0.3666666666666648,1,1
repkv,3,0,30.0,0,0,0,hit,0.6666666666666666,1,1
repkv,9,2,31.0,0,24,0,hit,0.5416666666666679,1,1
repkv,11,1,31.0,1,13,13,transfer,0.775,1,1
repkv,12,1,31.0,2,16,16,transfer,1.0916666666666668,1,1
repkv,0,1,32.0,1,13,0,hit,0.641666666666668,1,1
repkv,13,3,32.0,1,43,0,hit,1.1750000000000018,1,1
repkv,26,1,33.0,0,12,0,hit,0.2916666666666667,1,1
repkv,6,1,35.5,0,15,15,recompute,1.5416666666666667,1,1
repkv,15,2,35.5,1,31,31,transfer,1.925,1,1
repkv,16,2,35.5,2,32,0,hit,0.20833333333333334,1,1
repkv,10,3,36.0,3,32,0,hit,0.2916666666666667,1,1
repkv,25,2,36.0,1,30,0,hit,1.7916666666666667,1,1
repkv,33,1,36.0,2,17,17,transfer,1.5083333333333386,1,1
repkv,18,2,37.0,3,35,31,transfer,1.8833333333333333,1,1
repkv,24,2,37.5,2,28,0,hit,0.7416666666666718,1,1
repkv,28,0,37.5,0,0,0,hit,0.5833333333333334,1,1
repkv,35,2,38.5,0,32,8,transfer,0.525,1,1
repkv,36,1,39.0,1,15,15,recompute,1.5416666666666667,1,1
repkv,5,3,39.5,2,36,10,transfer,0.625,1,1
repkv,3,1,40.0,0,21,0,hit,0.25,1,1
repkv,12,2,41.0,2,25,0,hit,0.16666666666666666,1,1
repkv,38,0,41.0,0,0,0,hit,0.375,1,1
repkv,22,1,41.5,1,18,18,recompute,1.625,1,1
repkv,8,2,42.0,3,27,26,transfer,1.5916666666666668,1,1
repkv,13,4,42.0,1,58,0,hit,1.8500000000000014,1,1
repkv,34,2,42.5,2,25,0,hit,0.125,1,1
repkv,17,1,44.5,1,21,0,hit,0.2916666666666667,1,1
repkv,0,2,46.0,1,19,8,transfer,0.65,1,1
repkv,10,4,46.0,3,45,0,hit,0.375,1,1
repkv,33,2,46.0,2,27,0,hit,0.125,1,1
repkv,7,2,46.5,0,30,30,transfer,1.8333333333333333,1,1
repkv,18,3,47.0,3,48,0,hit,0.16666666666666666,1,1
repkv,30,1,47.0,2,21,21,transfer,1.425,1,1
repkv,32,0,47.0,1,0,0,hit,0.4833333333333319,1,1
repkv,2,1,48.5,3,20,0,hit,0.25,1,1
repkv,37,1,48.5,1,22,22,transfer,1.475,1,1
repkv,36,2,49.0,0,25,25,transfer,1.625,1,1
repkv,21,2,49.5,3,22,21,transfer,1.3,1,1
repkv,3,2,50.0,0,29,0,hit,1.6166666666666696,1,1
repkv,11,2,50.5,2,23,23,transfer,1.3583333333333332,1,1
repkv,28,1,50.5,1,18,18,transfer,1.1833333333333362,1,1
repkv,24,3,54.5,2,41,7,transfer,0.725,1,1
repkv,19,1,55.5,0,14,14,recompute,1.5416666666666667,1,1
repkv,1,0,56.0,1,0,0,hit,0.5833333333333334,1,1
repkv,7,3,57.0,0,43,0,hit,0.8499999999999991,1,1
repkv,18,4,57.0,3,59,0,hit,0.20833333333333334,1,1
repkv,14,1,58.0,1,13,13,recompute,1.2916666666666665,1,1
repkv,6,2,59.5,0,25,0,hit,0.2916666666666667,1,1
repkv,16,3,59.5,2,44,44,recompute,4.0,0,1
repkv,10,5,60.0,3,57,11,transfer,0.925,1,1
repkv,29,0,60.0,1,0,0,hit,0.5833333333333334,1,1
repkv,31,1,60.0,0,20,20,recompute,2.533333333333334,0,1
repkv,9,3,61.5,1,39,39,transfer,2.158333333333333,0,1
repkv,21,3,61.5,3,34,33,transfer,1.8166666666666667,1,1
repkv,34,3,63.5,2,30,0,hit,0.7083333333333334,1,1
repkv,4,1,64.5,0,19,19,recompute,1.7083333333333333,1,1
repkv,19,2,65.5,0,29,0,hit,1.3749999999999953,1,1
repkv,1,1,66.0,1,21,0,hit,0.125,1,1
repkv,20,1,66.0,2,13,13,recompute,1.2916666666666665,1,1
repkv,30,2,67.0,2,37,0,hit,0.7416666666666742,1,1
repkv,36,3,67.0,3,41,36,transfer,1.925,1,1
repkv,15,3,67.5,0,42,42,transfer,2.35,0,1
repkv,25,3,68.0,1,38,38,transfer,2.1083333333333334,0,1
repkv,8,3,68.5,2,40,34,transfer,1.9916666666666667,1,1
repkv,17,2,70.0,1,30,0,hit,0.9583333333333286,1,1
repkv,27,0,70.5,0,0,0,hit,0.6666666666666666,1,1
repkv,16,4,71.5,2,57,5,transfer,0.45833333333333337,1,1
repkv,38,1,72.5,0,11,11,recompute,1.25,1,1
repkv,0,3,73.0,1,30,0,hit,0.3333333333333333,1,1
repkv,35,3,73.5,3,38,35,transfer,1.9583333333333333,1,1
repkv,39,0,74.0,1,0,0,hit,0.3333333333333333,1,1
repkv,14,2,74.5,1,23,0,hit,0.6666666666666619,1,1
repkv,23,0,75.0,0,0,0,hit,0.4166666666666667,1,1
repkv,1,2,76.0,1,30,9,transfer,0.7,1,1
repkv,20,2,76.0,0,20,20,recompute,1.9166666666666667,1,1
repkv,34,4,76.0,2,38,37,transfer,1.975,1,1
repkv,9,4,77.0,3,51,34,transfer,2.033333333333333,0,1
repkv,36,4,77.0,3,51,0,hit,2.7666666666666706,0,1
repkv,28,2,78.0,1,30,30,transfer,1.7083333333333333,1,1
repkv,13,5,78.5,0,63,63,transfer,3.3583333333333334,0,1
repkv,8,4,80.0,2,53,0,hit,0.20833333333333334,1,1
repkv,15,4,80.0,0,51,9,transfer,2.9833333333333316,0,1
repkv,25,4,80.0,1,49,31,transfer,2.091666666666662,0,1
repkv,24,4,80.5,3,56,56,recompute,5.041666666666667,0,1
repkv,26,2,80.5,2,26,26,transfer,1.575000000000001,1,1
repkv,21,4,81.0,1,45,45,recompute,5.591666666666669,0,1
repkv,32,1,81.0,2,14,14,recompute,3.091666666666664,0,1
repkv,7,4,82.5,0,54,0,hit,0.8500000000000038,1,1
repkv,38,2,82.5,0,23,23,transfer,2.775000000000014,0,1
repkv,19,3,83.0,2,38,38,transfer,3.766666666666674,0,1
repkv,35,4,83.5,3,48,1,transfer,2.8250000000000104,0,1
repkv,34,5,86.0,2,43,0,hit,1.5000000000000189,1,1
repkv,23,1,90.0,0,12,12,recompute,1.2083333333333333,1,1
repkv,25,5,90.0,1,62,32,transfer,1.8916666666666668,1,1
repkv,27,1,90.0,2,23,23,recompute,2.2083333333333335,0,1
repkv,26,3,90.5,3,36,35,transfer,2.0833333333333335,0,1
repkv,14,3,91.0,1,33,0,hit,1.5000000000000047,1,1
repkv,21,5,91.0,1,55,13,transfer,3.2250000000000028,0,1
repkv,32,2,91.0,0,24,24,transfer,1.8166666666666647,1,1
repkv,29,1,91.5,2,18,18,recompute,2.9583333333333286,0,1
repkv,22,2,94.0,3,27,26,transfer,1.5083333333333333,1,1
repkv,35,5,95.0,3,60,0,hit,1.38333333333334,1,1
repkv,13,6,96.0,0,71,62,transfer,3.2666666666666666,0,1
repkv,4,2,97.0,1,27,27,transfer,1.6416666666666668,1,1
repkv,2,2,97.5,3,32,31,transfer,1.7583333333333333,1,1
repkv,14,4,101.0,1,45,0,hit,0.25,1,1
repkv,32,3,101.0,0,34,0,hit,0.25,1,1
repkv,26,4,101.5,3,48,5,transfer,0.5,1,1
repkv,6,3,102.5,3,39,35,transfer,2.0,1,1
repkv,29,2,102.5,2,31,0,hit,0.25,1,1
repkv,38,3,102.5,0,34,0,hit,0.20833333333333334,1,1
repkv,31,2,103.0,1,35,35,transfer,1.875,1,1
repkv,34,6,106.0,2,58,10,transfer,0.7083333333333334,1,1
repkv,39,1,107.0,0,13,13,recompute,1.4583333333333333,1,1
repkv,37,2,108.5,3,37,34,transfer,2.075,0,1
repkv,11,3,110.5,0,31,31,transfer,1.8833333333333333,1,1
repkv,27,2,110.5,2,35,0,hit,0.2916666666666667,1,1
repkv,32,4,111.0,0,43,0,hit,1.8500000000000039,1,1
repkv,9,5,111.5,3,63,35,transfer,2.0416666666666665,0,1
repkv,4,3,112.0,1,37,0,hit,0.375,1,1
repkv,17,3,112.5,2,40,35,transfer,2.0833333333333335,0,1
repkv,19,4,112.5,0,51,35,transfer,2.966666666666678,0,1
repkv,26,5,114.0,3,57,0,hit,0.2916666666666667,1,1
repkv,20,3,114.5,1,28,28,transfer,1.65,1,1
repkv,22,3,114.5,3,37,35,transfer,2.133333333333335,0,1
repkv,39,2,120.5,0,25,0,hit,0.16666666666666666,1,1
repkv,14,5,122.0,1,54,0,hit,0.16666666666666666,1,1
repkv,8,5,123.5,3,62,37,transfer,1.975,1,1
repkv,6,4,124.5,0,47,47,transfer,2.5166666666666666,0,1
repkv,9,6,126.0,3,74,32,transfer,1.725,1,1
repkv,38,4,127.0,0,43,2,transfer,0.6916666666666685,1,1
repkv,17,4,128.0,2,55,0,hit,0.3333333333333333,1,1
repkv,29,3,128.0,1,40,40,transfer,2.25,0,1
repkv,4,4,129.5,3,50,36,transfer,2.091666666666667,0,1
repkv,27,3,131.5,2,47,0,hit,0.25,1,1
repkv,20,4,132.5,1,41,0,hit,0.2916666666666667,1,1
repkv,2,3,134.0,3,41,35,transfer,2.125,0,1
repkv,6,5,134.5,0,53,0,hit,0.20833333333333334,1,1
repkv,7,5,135.5,3,62,32,transfer,3.116666666666661,0,1
repkv,14,6,135.5,1,60,11,transfer,0.675,1,1
repkv,25,6,136.5,1,73,36,transfer,2.5083333333333333,0,1
repkv,27,4,141.5,2,57,0,hit,0.16666666666666666,1,1
repkv,29,4,143.0,2,53,38,transfer,2.0666666666666664,0,1
repkv,2,4,144.0,3,56,35,transfer,2.0,1,1
repkv,4,5,145.0,0,62,62,transfer,3.3083333333333336,0,1
repkv,31,3,149.5,3,40,36,transfer,2.0083333333333333,0,1
repkv,23,2,150.0,0,19,19,transfer,1.325,1,1
repkv,7,6,154.5,3,73,33,transfer,1.9416666666666667,1,1
repkv,31,4,159.5,3,52,34,transfer,1.95,1,1
repkv,4,6,163.0,0,69,0,hit,0.2916666666666667,1,1
repkv,19,5,164.5,0,59,33,transfer,1.8583333333333332,1,1
repkv,26,6,167.5,0,67,67,recompute,5.958333333333333,0,1
repkv,32,5,171.0,3,54,33,transfer,1.9416666666666667,1,1
repkv,32,6,181.0,3,64,0,hit,0.3333333333333333,1,1
repkv,23,3,186.0,0,35,31,transfer,1.8833333333333333,1,1
repkv,19,6,195.0,3,69,38,transfer,2.1083333333333334,0,1
on_demand,11,0,0.0,0,0,0,hit,0.625,1,2
on_demand,24,0,0.5,1,0,0,hit,0.5416666666666666,1,2
on_demand,17,0,1.0,2,0,0,hit,0.4583333333333333,1,2
on_demand,39,0,1.0,3,0,0,hit,0.5416666666666666,1,2
on_demand,0,0,2.0,0,0,0,hit,0.5416666666666666,1,2
on_demand,26,0,3.0,0,0,0,hit,0.5416666666666666,1,2
on_demand,2,0,3.5,1,0,0,hit,0.5833333333333334,1,2
on_demand,6,0,5.0,0,0,0,hit,0.4583333333333333,1,2
on_demand,18,0,5.0,1,0,0,hit,0.4166666666666667,1,2
on_demand,15,0,6.0,2,0,0,hit,0.5416666666666666,1,2
on_demand,31,0,6.5,0,0,0,hit,0.3333333333333333,1,2
on_demand,3,0,7.5,0,0,0,hit,0.4583333333333333,1,2
on_demand,10,0,8.0,1,0,0,hit,0.375,1,2
on_demand,4,0,9.5,0,0,0,hit,0.3333333333333333,1,2
on_demand,22,0,10.0,1,0,0,hit,0.625,1,2
on_demand,34,0,11.0,0,0,0,hit,0.4583333333333333,1,2
on_demand,13,0,12.5,0,0,0,hit,0.4166666666666667,1,2
on_demand,21,0,12.5,1,0,0,hit,0.3333333333333333,1,2
on_demand,20,0,13.0,2,0,0,hit,0.5,1,2
on_demand,14,0,15.0,0,0,0,hit,0.375,1,2
on_demand,39,1,15.0,3,15,0,hit,0.25,1,2
on_demand,1,0,15.5,1,0,0,hit,0.625,1,2
on_demand,35,0,16.0,0,0,0,hit,0.5416666666666666,1,2
on_demand,15,1,17.0,2,16,0,hit,0.2916666666666667,1,2
on_demand,30,0,17.0,1,0,0,hit,0.625,1,2
on_demand,10,1,18.0,1,16,0,hit,0.375,1,2
on_demand,17,1,18.5,2,17,0,hit,0.16666666666666666,1,2
on_demand,29,0,18.5,0,0,0,hit,0.5416666666666666,1,2
on_demand,28,0,19.0,2,0,0,hit,0.5416666666666666,1,2
on_demand,26,1,19.5,0,15,0,hit,0.25,1,2
on_demand,4,1,20.0,0,11,0,hit,0.6833333333333347,1,2
on_demand,31,1,20.0,1,10,10,transfer,0.625,1,2
on_demand,34,1,21.0,0,18,0,hit,0.5083333333333329,1,2
on_demand,38,0,21.0,2,0,0,hit,0.5833333333333334,1,2
on_demand,22,1,21.5,1,20,0,hit,0.125,1,2
on_demand,18,1,22.0,1,17,0,hit,0.5166666666666682,1,2
on_demand,20,1,23.0,2,18,0,hit,0.16666666666666666,1,2
on_demand,27,0,23.0,0,0,0,hit,0.4583333333333333,1,2
on_demand,5,0,24.5,0,0,0,hit,0.625,1,2
on_demand,1,1,25.5,1,21,0,hit,0.20833333333333334,1,2
on_demand,13,1,25.5,0,17,0,hit,0.20833333333333334,1,2
on_demand,14,1,26.0,0,13,0,hit,0.3166666666666641,1,2
on_demand,3,1,27.0,0,16,16,recompute,1.625,1,2
on_demand,35,1,27.5,1,18,18,recompute,1.6666666666666667,1,2
on_demand,10,2,28.0,2,29,29,transfer,1.575,1,2
on_demand,15,2,29.0,2,25,0,hit,1.3499999999999979,1,2
on_demand,4,2,30.0,0,26,0,hit,0.125,1,2
on_demand,21,1,30.5,1,12,12,recompute,1.1666666666666667,1,2
on_demand,29,1,31.0,0,15,15,recompute,1.5833333333333333,1,2
on_demand,28,1,32.5,2,19,0,hit,0.3333333333333333,1,2
on_demand,31,2,32.5,1,19,0,hit,0.125,1,2
on_demand,6,1,34.0,0,18,18,recompute,1.625,1,2
on_demand,1,2,35.5,1,31,0,hit,0.16666666666666666,1,2
on_demand,17,2,35.5,2,24,20,transfer,1.25,1,2
on_demand,39,2,35.5,3,28,0,hit,0.3333333333333333,1,2
on_demand,8,0,36.0,0,0,0,hit,0.7250000000000014,1,2
on_demand,0,1,37.5,0,16,16,recompute,1.5416666666666665,1,2
on_demand,34,2,37.5,1,23,23,recompute,2.2083333333333335,0,2
on_demand,2,1,38.0,2,21,21,recompute,1.9166666666666667,1,2
on_demand,12,0,38.0,3,0,0,hit,0.625,1,2
on_demand,26,2,39.0,3,27,27,recompute,2.5416666666666665,0,2
on_demand,30,1,39.0,0,20,20,recompute,2.2749999999999964,0,2
on_demand,13,2,39.5,1,26,26,transfer,2.1833333333333327,0,2
on_demand,37,0,40.0,2,0,0,hit,0.9166666666666643,1,2
on_demand,14,2,40.5,0,22,0,hit,1.5416666666666667,1,2
on_demand,29,2,41.0,0,25,0,hit,1.7749999999999961,1,2
on_demand,5,1,42.0,2,18,18,recompute,1.75,1,2
on_demand,10,3,42.0,3,36,36,transfer,2.05,0,2
on_demand,22,2,42.0,1,29,28,transfer,1.7749999999999952,1,2
on_demand,28,2,42.5,2,34,0,hit,2.183333333333335,0,2
on_demand,38,1,44.5,0,20,20,recompute,1.875,1,2
on_demand,9,0,45.0,1,0,0,hit,0.625,1,2
on_demand,18,2,45.0,3,30,30,recompute,2.75,0,2
on_demand,1,3,45.5,1,41,0,hit,0.9916666666666695,1,2
on_demand,8,1,46.0,0,17,0,hit,0.983333333333332,1,2
on_demand,27,1,46.5,2,16,16,recompute,1.7083333333333333,1,2
on_demand,2,2,48.0,2,30,0,hit,1.1000000000000039,1,2
on_demand,11,1,48.0,0,21,21,recompute,2.125,0,2
on_demand,32,0,48.5,1,0,0,hit,0.4166666666666667,1,2
on_demand,21,2,50.0,1,19,19,recompute,1.7083333333333333,1,2
on_demand,37,1,50.0,2,17,17,recompute,1.75,1,2
on_demand,13,3,50.5,3,39,39,transfer,2.1166666666666667,0,2
on_demand,14,3,50.5,0,30,0,hit,0.4333333333333348,1,2
on_demand,20,2,51.5,0,27,27,recompute,2.375,0,2
on_demand,30,2,51.5,2,30,30,recompute,3.358333333333332,0,2
on_demand,5,2,52.0,1,30,30,transfer,2.116666666666672,0,2
on_demand,39,3,52.0,3,40,6,transfer,1.3416666666666643,1,2
on_demand,10,4,52.5,3,49,0,hit,1.49166666666666,1,2
on_demand,35,2,52.5,0,29,29,recompute,4.25833333333333,0,2
on_demand,3,2,53.0,3,25,25,recompute,3.4999999999999907,0,2
on_demand,38,2,54.5,1,29,29,transfer,1.7166666666666728,1,2
on_demand,7,0,55.0,2,0,0,hit,0.5333333333333314,1,2
on_demand,9,1,55.0,1,22,0,hit,1.7500000000000118,1,2
on_demand,1,4,55.5,1,49,0,hit,1.7583333333333446,1,2
on_demand,23,0,57.0,0,0,0,hit,0.375,1,2
on_demand,34,3,57.5,2,33,33,recompute,2.9583333333333335,0,2
on_demand,8,2,58.5,0,28,5,transfer,0.375,1,2
on_demand,0,2,59.0,1,25,25,recompute,2.375,0,2
on_demand,13,4,60.5,3,46,20,transfer,1.25,1,2
on_demand,15,3,60.5,0,40,40,recompute,3.7083333333333335,0,2
on_demand,24,1,60.5,2,18,18,recompute,1.8833333333333329,1,2
on_demand,27,2,60.5,2,31,0,hit,2.875000000000002,0,2
on_demand,22,3,61.5,1,42,42,recompute,4.408333333333336,0,2
on_demand,39,4,62.0,3,47,0,hit,0.5416666666666667,1,2
on_demand,20,3,62.5,0,33,0,hit,2.3583333333333343,0,2
on_demand,11,2,63.5,3,36,36,recompute,3.2083333333333335,0,2
on_demand,26,3,64.0,2,37,37,recompute,3.291666666666667,0,2
on_demand,19,0,66.0,0,0,0,hit,0.4166666666666667,1,2
on_demand,12,1,67.0,0,18,18,recompute,1.8333333333333333,1,2
on_demand,31,3,67.0,1,27,27,recompute,2.5833333333333335,0,2
on_demand,9,2,69.0,1,33,7,transfer,1.5083333333333315,1,2
on_demand,25,0,69.0,2,0,0,hit,0.4583333333333333,1,2
on_demand,2,3,70.5,0,41,41,recompute,3.6666666666666665,0,2
on_demand,3,3,70.5,3,31,15,transfer,1.0416666666666667,1,2
on_demand,15,4,70.5,2,53,53,transfer,3.025,0,2
on_demand,27,3,70.5,1,44,44,transfer,3.1833333333333202,0,2
on_demand,28,3,71.0,3,49,49,recompute,5.133333333333335,0,2
on_demand,37,2,71.0,2,29,29,recompute,5.516666666666675,0,2
on_demand,6,2,71.5,1,27,27,recompute,5.124999999999996,0,2
on_demand,18,3,72.5,0,42,42,recompute,5.90000000000001,0,2
on_demand,11,3,73.5,3,46,0,hit,3.3583333333333343,0,2
on_demand,17,3,73.5,3,33,33,recompute,6.64166666666667,0,2
on_demand,22,4,74.5,1,55,17,transfer,3.6999999999999944,0,2
on_demand,23,1,74.5,2,16,16,transfer,3.7500000000000075,0,2
on_demand,26,4,74.5,2,49,0,hit,4.300000000000011,0,2
on_demand,7,1,77.5,1,12,12,recompute,2.391666666666661,0,2
on_demand,14,4,77.5,0,37,37,recompute,4.575000000000004,0,2
on_demand,24,2,78.5,2,28,28,recompute,3.483333333333339,0,2
on_demand,9,3,79.0,1,48,48,recompute,5.541666666666671,0,2
on_demand,25,1,79.0,3,16,16,recompute,3.2666666666666653,0,2
on_demand,33,0,79.5,3,0,0,hit,3.508333333333335,0,2
on_demand,5,3,80.5,0,39,39,recompute,5.3916666666666755,0,2
on_demand,37,3,81.0,2,44,1,transfer,1.7833333333333343,1,2
on_demand,6,3,82.5,1,40,0,hit,3.0166666666666657,0,2
on_demand,12,2,82.5,2,29,29,transfer,2.5416666666666594,0,2
on_demand,10,5,83.5,3,58,58,recompute,5.00833333333334,0,2
on_demand,17,4,83.5,2,46,46,transfer,4.29166666666666,0,2
on_demand,27,4,84.0,1,57,17,transfer,3.0333333333333323,0,2
on_demand,35,3,84.0,0,35,35,recompute,5.758333333333349,0,2
on_demand,36,0,84.5,1,0,0,hit,3.650000000000001,0,2
on_demand,8,3,87.5,2,37,37,recompute,4.199999999999994,0,2
on_demand,19,1,87.5,3,14,14,recompute,2.6666666666666763,0,2
on_demand,23,2,89.0,1,27,27,recompute,2.4583333333333335,0,2
on_demand,24,3,89.0,0,39,39,transfer,3.0750000000000237,0,2
on_demand,25,2,89.0,3,25,0,hit,1.8916666666666657,1,2
on_demand,16,0,90.0,3,0,0,hit,1.7166666666666686,1,2
on_demand,26,5,90.0,3,61,61,recompute,7.349999999999999,0,2
on_demand,7,2,90.5,1,23,23,recompute,3.84999999999999,0,2
on_demand,22,5,91.0,2,62,62,recompute,6.641666666666661,0,2
on_demand,3,4,92.5,0,41,41,recompute,3.8000000000000114,0,2
on_demand,11,4,93.0,1,51,51,recompute,6.375,0,2
on_demand,12,3,93.0,2,36,0,hit,5.349999999999999,0,2
on_demand,30,3,93.0,0,38,38,recompute,7.100000000000008,0,2
on_demand,6,4,94.0,1,54,0,hit,6.0,0,2
on_demand,10,6,95.5,3,64,0,hit,2.625,0,2
on_demand,8,4,97.5,2,44,0,hit,1.9249999999999972,1,2
on_demand,35,4,98.5,3,43,43,transfer,2.525,0,2
on_demand,33,1,100.0,2,18,18,recompute,1.8333333333333333,1,2
on_demand,20,4,100.5,1,42,42,recompute,3.891666666666661,0,2
on_demand,21,3,100.5,0,29,29,recompute,3.0500000000000114,0,2
on_demand,17,5,101.5,3,59,59,recompute,5.275000000000006,0,2
on_demand,5,4,102.0,2,50,50,recompute,4.633333333333326,0,2
on_demand,28,4,102.0,0,60,60,recompute,7.083333333333347,0,2
on_demand,16,1,103.0,1,18,18,recompute,3.316666666666663,0,2
on_demand,6,5,104.0,1,63,0,hit,2.724999999999999,0,2
on_demand,7,3,104.5,2,36,36,recompute,5.458333333333329,0,2
on_demand,19,2,107.0,3,27,27,recompute,2.5333333333333363,0,2
on_demand,32,1,108.0,1,16,16,recompute,1.5833333333333333,1,2
on_demand,33,2,110.0,2,29,0,hit,0.32499999999999807,1,2
on_demand,36,1,110.5,0,17,17,recompute,1.7083333333333335,1,2
on_demand,2,4,111.5,1,51,51,recompute,4.583333333333333,0,2
on_demand,23,3,111.5,2,38,38,recompute,3.458333333333333,0,2
on_demand,30,4,112.0,0,53,0,hit,0.9583333333333286,1,2
on_demand,18,4,113.0,3,53,53,recompute,4.541666666666667,0,2
on_demand,3,5,114.5,0,49,49,recompute,4.291666666666666,0,2
on_demand,21,4,116.0,2,39,39,recompute,3.4166666666666665,0,2
on_demand,5,5,116.5,1,60,60,transfer,3.374999999999995,0,2
on_demand,16,2,117.0,3,23,23,transfer,2.516666666666674,0,2
on_demand,32,2,118.0,1,24,0,hit,2.4666666666666637,0,2
on_demand,17,6,119.0,3,70,0,hit,1.3833333333333495,1,2
on_demand,20,5,122.0,0,52,52,recompute,4.5,0,2
on_demand,30,5,126.0,0,62,0,hit,1.266666666666661,1,2
on_demand,12,4,126.5,1,48,48,recompute,4.333333333333333,0,2
on_demand,2,5,127.5,2,64,64,transfer,3.4083333333333337,0,2
on_demand,36,2,127.5,3,29,29,recompute,2.625,0,2
on_demand,28,5,130.0,0,72,72,recompute,6.25,0,2
on_demand,16,3,133.0,3,33,4,transfer,0.45,1,2
on_demand,8,5,136.0,1,58,58,recompute,5.166666666666666,0,2
on_demand,7,4,140.0,0,41,41,recompute,3.75,0,2
on_demand,21,5,141.5,2,46,0,hit,0.375,1,2
on_demand,36,3,143.0,3,40,0,hit,0.375,1,2
on_demand,16,4,146.5,3,43,0,hit,0.20833333333333334,1,2
on_demand,12,5,147.0,1,61,0,hit,0.2916666666666667,1,2
on_demand,5,6,148.5,0,70,70,recompute,6.166666666666666,0,2
on_demand,33,3,152.0,1,37,37,recompute,3.375,0,2
on_demand,23,4,152.5,2,49,49,recompute,4.208333333333333,0,2
on_demand,32,3,152.5,3,35,35,recompute,3.25,0,2
on_demand,19,3,155.5,0,39,39,recompute,3.5833333333333335,0,2
on_demand,12,6,157.0,1,75,0,hit,0.375,1,2
on_demand,36,4,160.5,3,55,0,hit,0.20833333333333334,1,2
on_demand,16,5,167.0,3,50,33,transfer,1.775,1,2
on_demand,19,4,170.0,0,51,0,hit,0.3333333333333333,1,2
on_demand,33,4,175.0,1,47,29,transfer,1.6166666666666667,1,2
on_demand,32,4,178.0,3,45,1,transfer,0.21666666666666667,1,2
on_demand,32,5,190.0,3,51,0,hit,0.20833333333333334,1,2
on_demand,33,5,195.0,1,55,0,hit,0.3333333333333333,1,2
eager_full,11,0,0.0,0,0,0,hit,0.625,1,2
eager_full,24,0,0.5,1,0,0,hit,0.5416666666666666,1,2
eager_full,17,0,1.0,2,0,0,hit,0.4583333333333333,1,2
eager_full,39,0,1.0,3,0,0,hit,0.5416666666666666,1,2
eager_full,0,0,2.0,0,0,0,hit,0.5416666666666666,1,2
eager_full,26,0,3.0,0,0,0,hit,0.5416666666666666,1,2
eager_full,2,0,3.5,1,0,0,hit,0.5833333333333334,1,2
eager_full,6,0,5.0,0,0,0,hit,0.4583333333333333,1,2
eager_full,18,0,5.0,1,0,0,hit,0.4166666666666667,1,2
eager_full,15,0,6.0,2,0,0,hit,0.5416666666666666,1,2
eager_full,31,0,6.5,0,0,0,hit,0.3333333333333333,1,2
eager_full,3,0,7.5,0,0,0,hit,0.4583333333333333,1,2
eager_full,10,0,8.0,1,0,0,hit,0.375,1,2
eager_full,4,0,9.5,0,0,0,hit,0.3333333333333333,1,2
eager_full,22,0,10.0,1,0,0,hit,0.625,1,2
eager_full,34,0,11.0,0,0,0,hit,0.4583333333333333,1,2
eager_full,13,0,12.5,0,0,0,hit,0.4166666666666667,1,2
eager_full,21,0,12.5,1,0,0,hit,0.3333333333333333,1,2
eager_full,20,0,13.0,2,0,0,hit,0.5,1,2
eager_full,14,0,15.0,0,0,0,hit,0.375,1,2
eager_full,39,1,15.0,2,15,0,hit,0.25,1,2
eager_full,1,0,15.5,1,0,0,hit,0.625,1,2
eager_full,35,0,16.0,0,0,0,hit,0.5416666666666666,1,2
eager_full,15,1,17.0,2,16,0,hit,0.2916666666666667,1,2
eager_full,30,0,17.0,1,0,0,hit,0.625,1,2
eager_full,10,1,18.0,1,16,0,hit,0.375,1,2
eager_full,17,1,18.5,2,17,0,hit,0.16666666666666666,1,2
eager_full,29,0,18.5,0,0,0,hit,0.5416666666666666,1,2
eager_full,28,0,19.0,2,0,0,hit,0.5416666666666666,1,2
eager_full,26,1,19.5,0,15,0,hit,0.25,1,2
eager_full,4,1,20.0,0,11,0,hit,0.6833333333333347,1,2
eager_full,31,1,20.0,1,10,0,hit,0.125,1,2
eager_full,34,1,21.0,2,18,0,hit,0.125,1,2
eager_full,38,0,21.0,1,0,0,hit,0.5833333333333334,1,2
eager_full,22,1,21.5,1,20,0,hit,0.8083333333333336,1,2
eager_full,18,1,22.0,3,17,16,transfer,1.0916666666666668,1,2
eager_full,20,1,23.0,2,18,0,hit,0.16666666666666666,1,2
eager_full,27,0,23.0,0,0,0,hit,0.4583333333333333,1,2
eager_full,5,0,24.5,0,0,0,hit,0.625,1,2
eager_full,1,1,25.5,1,21,0,hit,0.20833333333333334,1,2
eager_full,13,1,25.5,0,17,0,hit,0.20833333333333334,1,2
eager_full,14,1,26.0,0,13,0,hit,0.3166666666666641,1,2
eager_full,3,1,27.0,3,16,15,transfer,1.0416666666666667,1,2
eager_full,35,1,27.5,2,18,0,hit,0.16666666666666666,1,2
eager_full,10,2,28.0,1,29,0,hit,0.125,1,2
eager_full,15,2,29.0,2,25,0,hit,0.375,1,2
eager_full,4,2,30.0,0,26,0,hit,0.125,1,2
eager_full,21,1,30.5,3,12,11,transfer,0.7166666666666667,1,2
eager_full,29,1,31.0,0,15,3,transfer,0.4833333333333333,1,2
eager_full,28,1,32.5,2,19,0,hit,0.3333333333333333,1,2
eager_full,31,2,32.5,3,19,9,transfer,0.575,1,2
eager_full,6,1,34.0,3,18,17,transfer,0.975,1,2
eager_full,1,2,35.5,1,31,0,hit,0.16666666666666666,1,2
eager_full,17,2,35.5,0,24,24,transfer,1.45,1,2
eager_full,39,2,35.5,2,28,0,hit,0.3333333333333333,1,2
eager_full,8,0,36.0,3,0,0,hit,0.5,1,2
eager_full,0,1,37.5,3,16,15,transfer,0.9583333333333334,1,2
eager_full,34,2,37.5,0,23,23,recompute,2.2083333333333335,0,2
eager_full,2,1,38.0,1,21,21,transfer,1.2166666666666668,1,2
eager_full,12,0,38.0,2,0,0,hit,0.625,1,2
eager_full,26,2,39.0,2,27,27,transfer,1.6416666666666668,1,2
eager_full,30,1,39.0,3,20,19,transfer,1.1166666666666667,1,2
eager_full,13,2,39.5,0,26,0,hit,0.8833333333333329,1,2
eager_full,37,0,40.0,1,0,0,hit,0.5,1,2
eager_full,14,2,40.5,0,22,0,hit,0.44999999999999807,1,2
eager_full,29,2,41.0,0,25,0,hit,0.6833333333333276,1,2
eager_full,5,1,42.0,3,18,17,transfer,1.1,1,2
eager_full,10,3,42.0,1,36,0,hit,0.25,1,2
eager_full,22,2,42.0,1,29,5,transfer,1.4916666666666696,1,2
eager_full,28,2,42.5,2,34,0,hit,0.3333333333333333,1,2
eager_full,38,1,44.5,3,20,16,transfer,1.0083333333333333,1,2
eager_full,9,0,45.0,0,0,0,hit,0.625,1,2
eager_full,18,2,45.0,1,30,30,transfer,1.75,1,2
eager_full,1,3,45.5,2,41,41,transfer,2.2166666666666663,0,2
eager_full,8,1,46.0,3,17,0,hit,0.20833333333333334,1,2
eager_full,27,1,46.5,0,16,16,transfer,1.175,1,2
eager_full,2,2,48.0,1,30,28,transfer,1.6916666666666667,1,2
eager_full,11,1,48.0,3,21,20,transfer,1.375,1,2
eager_full,32,0,48.5,0,0,0,hit,0.4166666666666667,1,2
eager_full,21,2,50.0,3,19,18,transfer,1.025,1,2
eager_full,37,1,50.0,1,17,0,hit,0.4250000000000019,1,2
eager_full,13,3,50.5,0,39,0,hit,0.16666666666666666,1,2
eager_full,14,3,50.5,0,30,0,hit,0.6749999999999948,1,2
eager_full,20,2,51.5,0,27,27,transfer,1.475,1,2
eager_full,30,2,51.5,3,30,0,hit,0.4333333333333348,1,2
eager_full,5,2,52.0,3,30,9,transfer,0.8916666666666676,1,2
eager_full,39,3,52.0,2,40,23,transfer,1.275,1,2
eager_full,10,4,52.5,1,49,49,recompute,4.333333333333333,0,2
eager_full,35,2,52.5,3,29,28,transfer,2.3583333333333307,0,2
eager_full,3,2,53.0,0,25,25,transfer,1.6499999999999986,1,2
eager_full,38,2,54.5,2,29,7,transfer,0.6,1,2
eager_full,7,0,55.0,0,0,0,hit,0.375,1,2
eager_full,9,1,55.0,3,22,21,transfer,1.4416666666666704,1,2
eager_full,1,4,55.5,2,49,0,hit,0.20833333333333334,1,2
eager_full,23,0,57.0,0,0,0,hit,0.375,1,2
eager_full,34,3,57.5,3,33,32,transfer,1.8083333333333333,1,2
eager_full,8,2,58.5,0,28,28,recompute,2.4583333333333335,0,2
eager_full,0,2,59.0,1,25,25,transfer,1.5416666666666667,1,2
eager_full,13,4,60.5,0,46,0,hit,1.3083333333333371,1,2
eager_full,15,3,60.5,3,40,39,transfer,2.325,0,2
eager_full,24,1,60.5,2,18,18,transfer,1.025,1,2
eager_full,27,2,60.5,1,31,31,recompute,3.616666666666667,0,2
eager_full,22,3,61.5,2,42,42,transfer,3.158333333333335,0,2
eager_full,39,4,62.0,3,47,0,hit,1.5166666666666682,1,2
eager_full,20,3,62.5,0,33,32,transfer,1.85,1,2
eager_full,11,2,63.5,3,36,35,transfer,2.5749999999999935,0,2
eager_full,26,3,64.0,0,37,37,recompute,3.9416666666666584,0,2
eager_full,19,0,66.0,1,0,0,hit,0.4166666666666667,1,2
eager_full,12,1,67.0,3,18,17,transfer,1.1833333333333333,1,2
eager_full,31,3,67.0,1,27,27,transfer,1.6833333333333333,1,2
eager_full,9,2,69.0,3,33,32,transfer,1.975,1,2
eager_full,25,0,69.0,0,0,0,hit,0.4583333333333333,1,2
eager_full,2,3,70.5,0,41,41,recompute,3.6666666666666665,0,2
eager_full,3,3,70.5,1,31,31,transfer,1.8416666666666668,1,2
eager_full,15,4,70.5,2,53,53,transfer,3.025,0,2
eager_full,27,3,70.5,1,44,0,hit,2.5166666666666657,0,2
eager_full,28,3,71.0,3,49,49,transfer,3.2333333333333223,0,2
eager_full,37,2,71.0,2,29,9,transfer,3.5500000000000087,0,2
eager_full,6,2,71.5,1,27,27,transfer,3.558333333333338,0,2
eager_full,18,3,72.5,0,42,42,transfer,4.50000000000001,0,2
eager_full,11,3,73.5,3,46,0,hit,1.4583333333333144,1,2
eager_full,17,3,73.5,3,33,32,transfer,3.591666666666651,0,2
eager_full,22,4,74.5,2,55,0,hit,0.7750000000000057,1,2
eager_full,23,1,74.5,1,16,16,transfer,2.2916666666666647,0,2
eager_full,26,4,74.5,0,49,0,hit,3.0500000000000114,0,2
eager_full,7,1,77.5,1,12,12,recompute,1.2916666666666667,1,2
eager_full,14,4,77.5,2,37,37,recompute,3.375,0,2
eager_full,24,2,78.5,3,28,27,transfer,1.6,1,2
eager_full,9,3,79.0,0,48,48,recompute,4.25,0,2
eager_full,25,1,79.0,1,16,16,transfer,1.2833333333333439,1,2
eager_full,33,0,79.5,1,0,0,hit,1.525000000000015,1,2
eager_full,5,3,80.5,3,39,38,transfer,2.1666666666666607,0,2
eager_full,37,3,81.0,2,44,0,hit,0.5250000000000057,1,2
eager_full,6,3,82.5,1,40,0,hit,0.375,1,2
eager_full,12,2,82.5,2,29,29,transfer,1.6583333333333332,1,2
eager_full,10,5,83.5,3,58,57,transfer,3.0166666666666666,0,2
eager_full,17,4,83.5,1,46,46,transfer,2.55,0,2
eager_full,27,4,84.0,0,57,57,transfer,3.0166666666666666,0,2
eager_full,35,3,84.0,2,35,31,transfer,2.158333333333334,0,2
eager_full,36,0,84.5,2,0,0,hit,2.275000000000001,0,2
eager_full,8,3,87.5,3,37,36,transfer,1.925,1,2
eager_full,19,1,87.5,1,14,14,transfer,0.9916666666666667,1,2
eager_full,23,2,89.0,0,27,27,recompute,2.4583333333333335,0,2
eager_full,24,3,89.0,3,39,0,hit,0.9916666666666695,1,2
eager_full,25,2,89.0,1,25,0,hit,0.21666666666665435,1,2
eager_full,16,0,90.0,1,0,0,hit,0.625,1,2
eager_full,26,5,90.0,0,61,9,transfer,2.758333333333323,0,2
eager_full,7,2,90.5,2,23,23,recompute,2.291666666666667,0,2
eager_full,22,5,91.0,1,62,62,recompute,5.541666666666667,0,2
eager_full,3,4,92.5,3,41,41,recompute,3.625,0,2
eager_full,11,4,93.0,0,51,51,transfer,3.0833333333333313,0,2
eager_full,12,3,93.0,2,36,0,hit,0.40000000000001046,1,2
eager_full,30,3,93.0,2,38,38,transfer,3.333333333333342,0,2
eager_full,6,4,94.0,1,54,23,transfer,4.316666666666672,0,2
eager_full,10,6,95.5,3,64,29,transfer,2.7499999999999973,0,2
eager_full,8,4,97.5,0,44,44,recompute,4.041666666666666,0,2
eager_full,35,4,98.5,3,43,7,transfer,0.7749999999999971,1,2
eager_full,33,1,100.0,3,18,14,transfer,1.0333333333333332,1,2
eager_full,20,4,100.5,1,42,42,transfer,2.3916666666666666,0,2
eager_full,21,3,100.5,2,29,28,transfer,1.7333333333333332,1,2
eager_full,17,5,101.5,3,59,58,transfer,3.2333333333333334,0,2
eager_full,5,4,102.0,0,50,50,transfer,2.875000000000005,0,2
eager_full,28,4,102.0,2,60,60,transfer,3.7666666666666706,0,2
eager_full,16,1,103.0,1,18,8,transfer,0.7166666666666629,1,2
eager_full,6,5,104.0,1,63,0,hit,0.20833333333333334,1,2
eager_full,7,3,104.5,2,36,0,hit,1.7916666666666714,1,2
eager_full,19,2,107.0,3,27,26,transfer,1.5083333333333333,1,2
eager_full,32,1,108.0,0,16,16,recompute,1.5833333333333333,1,2
eager_full,33,2,110.0,3,29,7,transfer,0.5166666666666666,1,2
eager_full,36,1,110.5,0,17,17,transfer,1.1416666666666666,1,2
eager_full,2,4,111.5,3,51,50,transfer,2.8333333333333335,0,2
eager_full,23,3,111.5,1,38,38,transfer,2.1916666666666664,0,2
eager_full,30,4,112.0,2,53,53,transfer,2.9,0,2
eager_full,18,4,113.0,0,53,53,transfer,2.775,0,2
eager_full,3,5,114.5,1,49,49,transfer,2.6583333333333337,0,2
eager_full,21,4,116.0,3,39,38,transfer,2.0666666666666664,0,2
eager_full,5,5,116.5,0,60,0,hit,0.2916666666666667,1,2
eager_full,16,2,117.0,1,23,0,hit,0.5833333333333286,1,2
eager_full,32,2,118.0,0,24,24,transfer,1.4916666666666667,1,2
eager_full,17,6,119.0,1,70,70,recompute,6.0,0,2
eager_full,20,5,122.0,3,52,51,transfer,2.7166666666666663,0,2
eager_full,30,5,126.0,2,62,0,hit,0.16666666666666666,1,2
eager_full,12,4,126.5,3,48,47,transfer,2.6833333333333336,0,2
eager_full,2,5,127.5,0,64,64,transfer,3.4083333333333337,0,2
eager_full,36,2,127.5,2,29,0,hit,0.20833333333333334,1,2
eager_full,28,5,130.0,3,72,71,transfer,3.8,0,2
eager_full,16,3,133.0,1,33,0,hit,0.25,1,2
eager_full,8,5,136.0,0,58,58,recompute,5.166666666666666,0,2
eager_full,7,4,140.0,2,41,40,transfer,2.3333333333333335,0,2
eager_full,21,5,141.5,3,46,45,transfer,2.625,0,2
eager_full,36,3,143.0,0,40,0,hit,0.375,1,2
eager_full,16,4,146.5,1,43,0,hit,0.20833333333333334,1,2
eager_full,12,5,147.0,3,61,60,transfer,3.2916666666666665,0,2
eager_full,5,6,148.5,0,70,70,transfer,3.8333333333333335,0,2
eager_full,33,3,152.0,1,37,37,recompute,3.375,0,2
eager_full,23,4,152.5,3,49,48,transfer,2.525,0,2
eager_full,32,3,152.5,2,35,34,transfer,2.033333333333333,0,2
eager_full,19,3,155.5,0,39,39,transfer,2.283333333333333,0,2
eager_full,12,6,157.0,3,75,0,hit,0.375,1,2
eager_full,36,4,160.5,1,55,0,hit,0.20833333333333334,1,2
eager_full,16,5,167.0,1,50,35,transfer,1.875,1,2
eager_full,19,4,170.0,0,51,0,hit,0.3333333333333333,1,2
eager_full,33,4,175.0,1,47,0,hit,0.16666666666666666,1,2
eager_full,32,4,178.0,2,45,0,hit,0.16666666666666666,1,2
eager_full,32,5,190.0,2,51,0,hit,0.20833333333333334,1,2
eager_full,33,5,195.0,0,55,0,hit,0.3333333333333333,1,2
repkv,11,0,0.0,0,0,0,hit,0.625,1,2
repkv,24,0,0.5,1,0,0,hit,0.5416666666666666,1,2
repkv,17,0,1.0,2,0,0,hit,0.4583333333333333,1,2
repkv,39,0,1.0,3,0,0,hit,0.5416666666666666,1,2
repkv,0,0,2.0,0,0,0,hit,0.5416666666666666,1,2
repkv,26,0,3.0,0,0,0,hit,0.5416666666666666,1,2
repkv,2,0,3.5,1,0,0,hit,0.5833333333333334,1,2
repkv,6,0,5.0,0,0,0,hit,0.4583333333333333,1,2
repkv,18,0,5.0,1,0,0,hit,0.4166666666666667,1,2
repkv,15,0,6.0,2,0,0,hit,0.5416666666666666,1,2
repkv,31,0,6.5,0,0,0,hit,0.3333333333333333,1,2
repkv,3,0,7.5,0,0,0,hit,0.4583333333333333,1,2
repkv,10,0,8.0,1,0,0,hit,0.375,1,2
repkv,4,0,9.5,0,0,0,hit,0.3333333333333333,1,2
repkv,22,0,10.0,1,0,0,hit,0.625,1,2
repkv,34,0,11.0,0,0,0,hit,0.4583333333333333,1,2
repkv,13,0,12.5,0,0,0,hit,0.4166666666666667,1,2
repkv,21,0,12.5,1,0,0,hit,0.3333333333333333,1,2
repkv,20,0,13.0,2,0,0,hit,0.5,1,2
repkv,14,0,15.0,0,0,0,hit,0.375,1,2
repkv,39,1,15.0,3,15,0,hit,0.25,1,2
repkv,1,0,15.5,1,0,0,hit,0.625,1,2
repkv,35,0,16.0,0,0,0,hit,0.5416666666666666,1,2
repkv,15,1,17.0,2,16,0,hit,0.2916666666666667,1,2
repkv,30,0,17.0,1,0,0,hit,0.625,1,2
repkv,10,1,18.0,1,16,0,hit,0.375,1,2
repkv,17,1,18.5,2,17,0,hit,0.16666666666666666,1,2
repkv,29,0,18.5,0,0,0,hit,0.5416666666666666,1,2
repkv,28,0,19.0,2,0,0,hit,0.5416666666666666,1,2
repkv,26,1,19.5,0,15,0,hit,0.25,1,2
repkv,4,1,20.0,0,11,0,hit,0.6833333333333347,1,2
repkv,31,1,20.0,1,10,10,transfer,0.625,1,2
repkv,34,1,21.0,0,18,0,hit,0.5083333333333329,1,2
repkv,38,0,21.0,2,0,0,hit,0.5833333333333334,1,2
repkv,22,1,21.5,1,20,0,hit,0.125,1,2
repkv,18,1,22.0,1,17,0,hit,0.5166666666666682,1,2
repkv,20,1,23.0,2,18,0,hit,0.16666666666666666,1,2
repkv,27,0,23.0,0,0,0,hit,0.4583333333333333,1,2
repkv,5,0,24.5,0,0,0,hit,0.625,1,2
repkv,1,1,25.5,1,21,0,hit,0.20833333333333334,1,2
repkv,13,1,25.5,0,17,0,hit,0.20833333333333334,1,2
repkv,14,1,26.0,0,13,0,hit,0.3166666666666641,1,2
repkv,3,1,27.0,0,16,0,hit,0.2916666666666667,1,2
repkv,35,1,27.5,0,18,0,hit,0.16666666666666666,1,2
repkv,10,2,28.0,1,29,0,hit,0.125,1,2
repkv,15,2,29.0,2,25,0,hit,0.375,1,2
repkv,4,2,30.0,0,26,0,hit,0.125,1,2
repkv,21,1,30.5,1,12,0,hit,0.16666666666666666,1,2
repkv,29,1,31.0,0,15,15,recompute,1.5833333333333333,1,2
repkv,28,1,32.5,2,19,0,hit,0.3333333333333333,1,2
repkv,31,2,32.5,1,19,0,hit,0.125,1,2
repkv,6,1,34.0,0,18,18,recompute,1.625,1,2
repkv,1,2,35.5,1,31,15,transfer,0.9166666666666666,1,2
repkv,17,2,35.5,2,24,0,hit,0.25,1,2
repkv,39,2,35.5,3,28,0,hit,0.3333333333333333,1,2
repkv,8,0,36.0,2,0,0,hit,0.5499999999999972,1,2
repkv,0,1,37.5,0,16,16,recompute,1.5416666666666665,1,2
repkv,34,2,37.5,1,23,23,transfer,1.4416666666666667,1,2
repkv,2,1,38.0,2,21,21,recompute,1.9166666666666667,1,2
repkv,12,0,38.0,3,0,0,hit,0.625,1,2
repkv,26,2,39.0,0,27,0,hit,0.7333333333333296,1,2
repkv,30,1,39.0,1,20,0,hit,0.40833333333333377,1,2
repkv,13,2,39.5,0,26,1,transfer,0.9583333333333244,1,2
repkv,37,0,40.0,3,0,0,hit,0.5,1,2
repkv,14,2,40.5,0,22,12,transfer,1.1249999999999867,1,2
repkv,29,2,41.0,0,25,0,hit,1.3583333333333176,1,2
repkv,5,1,42.0,1,18,18,recompute,1.75,1,2
repkv,10,3,42.0,2,36,36,transfer,2.05,0,2
repkv,22,2,42.0,3,29,29,transfer,1.7416666666666667,1,2
repkv,28,2,42.5,0,34,34,transfer,2.491666666666655,0,2
repkv,38,1,44.5,2,20,0,hit,0.45833333333333337,1,2
repkv,9,0,45.0,1,0,0,hit,0.625,1,2
repkv,18,2,45.0,3,30,30,transfer,1.75,1,2
repkv,1,3,45.5,1,41,0,hit,0.9916666666666695,1,2
repkv,8,1,46.0,2,17,0,hit,0.20833333333333334,1,2
repkv,27,1,46.5,0,16,16,recompute,1.7083333333333333,1,2
repkv,2,2,48.0,2,30,0,hit,0.2916666666666667,1,2
repkv,11,1,48.0,3,21,20,transfer,1.375,1,2
repkv,32,0,48.5,1,0,0,hit,0.4166666666666667,1,2
repkv,21,2,50.0,0,19,19,recompute,1.7083333333333333,1,2
repkv,37,1,50.0,3,17,0,hit,0.3333333333333333,1,2
repkv,13,3,50.5,0,39,0,hit,2.075000000000005,0,2
repkv,14,3,50.5,1,30,30,transfer,1.7083333333333333,1,2
repkv,20,2,51.5,3,27,26,transfer,1.425,1,2
repkv,30,2,51.5,1,30,0,hit,1.1166666666666718,1,2
repkv,5,2,52.0,1,30,0,hit,1.1250000000000047,1,2
repkv,39,3,52.0,3,40,0,hit,1.3499999999999943,1,2
repkv,10,4,52.5,2,49,0,hit,0.25,1,2
repkv,35,2,52.5,0,29,19,transfer,1.4916666666666667,1,2
repkv,3,2,53.0,2,25,25,transfer,1.4249999999999972,1,2
repkv,38,2,54.5,2,29,0,hit,0.4749999999999943,1,2
repkv,7,0,55.0,0,0,0,hit,0.375,1,2
repkv,9,1,55.0,3,22,21,transfer,1.3833333333333333,1,2
repkv,1,4,55.5,1,49,0,hit,0.20833333333333334,1,2
repkv,23,0,57.0,0,0,0,hit,0.375,1,2
repkv,34,3,57.5,3,33,32,transfer,1.8083333333333333,1,2
repkv,8,2,58.5,2,28,0,hit,0.125,1,2
repkv,0,2,59.0,0,25,0,hit,0.2916666666666667,1,2
repkv,13,4,60.5,0,46,0,hit,0.25,1,2
repkv,15,3,60.5,2,40,32,transfer,1.975,1,2
repkv,24,1,60.5,1,18,18,recompute,1.625,1,2
repkv,27,2,60.5,0,31,0,hit,1.0416666666666667,1,2
repkv,22,3,61.5,3,42,42,recompute,3.8333333333333335,0,2
repkv,39,4,62.0,0,47,47,transfer,2.7833333333333323,0,2
repkv,20,3,62.5,1,33,33,transfer,2.2250000000000028,0,2
repkv,11,2,63.5,2,36,36,transfer,2.0083333333333333,0,2
repkv,26,3,64.0,1,37,37,transfer,3.0833333333333393,0,2
repkv,19,0,66.0,0,0,0,hit,0.4166666666666667,1,2
repkv,12,1,67.0,0,18,18,recompute,1.8333333333333333,1,2
repkv,31,3,67.0,3,27,26,transfer,1.6333333333333333,1,2
repkv,9,2,69.0,3,33,14,transfer,1.075,1,2
repkv,25,0,69.0,1,0,0,hit,0.4583333333333333,1,2
repkv,2,3,70.5,2,41,33,transfer,1.9,1,2
repkv,3,3,70.5,0,31,31,transfer,1.8416666666666668,1,2
repkv,15,4,70.5,2,53,0,hit,2.6750000000000114,0,2
repkv,27,3,70.5,0,44,0,hit,2.5166666666666657,0,2
repkv,28,3,71.0,1,49,49,transfer,2.6583333333333337,0,2
repkv,37,2,71.0,3,29,28,transfer,1.775,1,2
repkv,6,2,71.5,3,27,26,transfer,3.4666666666666663,0,2
repkv,18,3,72.5,2,42,42,transfer,3.308333333333348,0,2
repkv,11,3,73.5,0,46,46,transfer,2.425,0,2
repkv,17,3,73.5,1,33,32,transfer,2.6916666666666593,0,2
repkv,22,4,74.5,3,55,1,transfer,1.241666666666663,1,2
repkv,23,1,74.5,0,16,6,transfer,2.2583333333333333,0,2
repkv,26,4,74.5,1,49,0,hit,2.441666666666663,0,2
repkv,7,1,77.5,0,12,12,recompute,1.2916666666666667,1,2
repkv,14,4,77.5,1,37,4,transfer,0.5333333333333239,1,2
repkv,24,2,78.5,3,28,27,transfer,1.6,1,2
repkv,9,3,79.0,3,48,0,hit,1.8499999999999943,1,2
repkv,25,1,79.0,1,16,0,hit,0.2916666666666667,1,2
repkv,33,0,79.5,0,0,0,hit,0.5416666666666666,1,2
repkv,5,3,80.5,1,39,39,transfer,2.1166666666666667,0,2
repkv,37,3,81.0,3,44,32,transfer,2.2999999999999887,0,2
repkv,6,3,82.5,0,40,40,transfer,2.375,0,2
repkv,12,2,82.5,2,29,29,transfer,1.6583333333333332,1,2
repkv,10,5,83.5,2,58,36,transfer,2.8250000000000006,0,2
repkv,17,4,83.5,1,46,25,transfer,1.5,1,2
repkv,27,4,84.0,0,57,0,hit,1.5416666666666667,1,2
repkv,35,3,84.0,3,35,34,transfer,1.95,1,2
repkv,36,0,84.5,1,0,0,hit,1.6166666666666696,1,2
repkv,8,3,87.5,3,37,35,transfer,1.875,1,2
repkv,19,1,87.5,0,14,7,transfer,0.6416666666666666,1,2
repkv,23,2,89.0,0,27,0,hit,0.20833333333333334,1,2
repkv,24,3,89.0,3,39,3,transfer,1.0916666666666723,1,2
repkv,25,2,89.0,1,25,0,hit,0.125,1,2
repkv,16,0,90.0,0,0,0,hit,0.625,1,2
repkv,26,5,90.0,1,61,39,transfer,2.2,0,2
repkv,7,2,90.5,0,23,2,transfer,0.8999999999999971,1,2
repkv,22,5,91.0,2,62,62,recompute,5.541666666666667,0,2
repkv,3,4,92.5,3,41,35,transfer,1.9583333333333333,1,2
repkv,11,4,93.0,0,51,51,transfer,2.925,0,2
repkv,12,3,93.0,1,36,36,transfer,2.0083333333333333,0,2
repkv,30,3,93.0,3,38,35,transfer,3.8416666666666592,0,2
repkv,6,4,94.0,1,54,54,transfer,4.533333333333343,0,2
repkv,10,6,95.5,2,64,0,hit,1.9166666666666714,1,2
repkv,8,4,97.5,3,44,27,transfer,1.7666666666666573,1,2
repkv,35,4,98.5,0,43,43,transfer,2.525,0,2
repkv,33,1,100.0,1,18,18,recompute,1.8333333333333333,1,2
repkv,20,4,100.5,2,42,33,transfer,1.9416666666666667,1,2
repkv,21,3,100.5,3,29,28,transfer,1.7333333333333332,1,2
repkv,17,5,101.5,1,59,20,transfer,1.966666666666659,1,2
repkv,5,4,102.0,3,50,31,transfer,2.3166666666666704,0,2
repkv,28,4,102.0,0,60,60,transfer,3.3333333333333335,0,2
repkv,16,1,103.0,2,18,18,transfer,1.025,1,2
repkv,6,5,104.0,1,63,0,hit,0.20833333333333334,1,2
repkv,7,3,104.5,0,36,0,hit,1.3583333333333343,1,2
repkv,19,2,107.0,0,27,26,transfer,1.5083333333333333,1,2
repkv,32,1,108.0,1,16,16,recompute,1.5833333333333333,1,2
repkv,33,2,110.0,1,29,25,transfer,1.4166666666666667,1,2
repkv,36,1,110.5,0,17,17,recompute,1.7083333333333335,1,2
repkv,2,4,111.5,3,51,36,transfer,2.1333333333333333,0,2
repkv,23,3,111.5,2,38,38,transfer,2.1916666666666664,0,2
repkv,30,4,112.0,1,53,53,transfer,2.9,0,2
repkv,18,4,113.0,0,53,53,transfer,2.775,0,2
repkv,3,5,114.5,2,49,49,recompute,4.291666666666666,0,2
repkv,21,4,116.0,3,39,33,transfer,1.8166666666666667,1,2
repkv,5,5,116.5,3,60,0,hit,1.9083333333333268,1,2
repkv,16,2,117.0,0,23,23,transfer,1.275,1,2
repkv,32,2,118.0,1,24,0,hit,0.2916666666666667,1,2
repkv,17,6,119.0,1,70,31,transfer,1.7166666666666668,1,2
repkv,20,5,122.0,2,52,0,hit,0.16666666666666666,1,2
repkv,30,5,126.0,1,62,22,transfer,1.2666666666666668,1,2
repkv,12,4,126.5,3,48,29,transfer,1.7833333333333332,1,2
repkv,2,5,127.5,3,64,32,transfer,3.091666666666665,0,2
repkv,36,2,127.5,0,29,0,hit,0.20833333333333334,1,2
repkv,28,5,130.0,0,72,49,transfer,2.7,0,2
repkv,16,3,133.0,0,33,0,hit,0.549999999999983,1,2
repkv,8,5,136.0,3,58,32,transfer,1.9333333333333333,1,2
repkv,7,4,140.0,3,41,32,transfer,1.9333333333333333,1,2
repkv,21,5,141.5,0,46,46,transfer,2.675,0,2
repkv,36,3,143.0,3,40,31,transfer,1.925,1,2
repkv,16,4,146.5,0,43,0,hit,0.20833333333333334,1,2
repkv,12,5,147.0,3,61,32,transfer,1.8916666666666668,1,2
repkv,5,6,148.5,3,70,32,transfer,3.025000000000002,0,2
repkv,33,3,152.0,2,37,35,transfer,2.0416666666666665,0,2
repkv,23,4,152.5,0,49,49,transfer,2.575,0,2
repkv,32,3,152.5,3,35,34,transfer,2.033333333333333,0,2
repkv,19,3,155.5,3,39,32,transfer,1.9333333333333333,1,2
repkv,12,6,157.0,3,75,31,transfer,2.7583333333333426,0,2
repkv,36,4,160.5,3,55,24,transfer,1.4083333333333332,1,2
repkv,16,5,167.0,0,50,16,transfer,0.925,1,2
repkv,19,4,170.0,3,51,35,transfer,2.0833333333333335,0,2
repkv,33,4,175.0,2,47,0,hit,0.16666666666666666,1,2
repkv,32,4,178.0,2,45,36,transfer,1.9666666666666668,1,2
repkv,32,5,190.0,2,51,0,hit,0.20833333333333334,1,2
repkv,33,5,195.0,2,55,19,transfer,1.2833333333333332,1,2
on_demand,3,0,0.0,0,0,0,hit,0.375,1,3
on_demand,37,0,0.0,1,0,0,hit,0.5416666666666666,1,3
on_demand,23,0,2.0,0,0,0,hit,0.625,1,3
on_demand,30,0,2.0,1,0,0,hit,0.5,1,3
on_demand,34,0,2.0,2,0,0,hit,0.375,1,3
on_demand,8,0,2.5,3,0,0,hit,0.375,1,3
on_demand,10,0,2.5,2,0,0,hit,0.6499999999999999,1,3
on_demand,16,0,2.5,0,0,0,hit,1.0916666666666663,1,3
on_demand,19,0,2.5,1,0,0,hit,0.9583333333333333,1,3
on_demand,20,0,3.0,3,0,0,hit,0.5499999999999998,1,3
on_demand,36,0,3.0,2,0,0,hit,1.183333333333333,1,3
on_demand,6,0,4.0,0,0,0,hit,0.5,1,3
on_demand,7,0,4.0,1,0,0,hit,0.5,1,3
on_demand,22,0,4.0,3,0,0,hit,0.4833333333333328,1,3
on_demand,26,0,4.5,2,0,0,hit,0.375,1,3
on_demand,14,0,5.5,0,0,0,hit,0.4583333333333333,1,3
on_demand,17,0,6.5,0,0,0,hit,0.3333333333333333,1,3
on_demand,29,0,7.0,1,0,0,hit,0.3333333333333333,1,3
on_demand,33,0,7.0,2,0,0,hit,0.375,1,3
on_demand,38,0,7.0,3,0,0,hit,0.4166666666666667,1,3
on_demand,4,0,7.5,0,0,0,hit,0.5833333333333334,1,3
on_demand,13,0,7.5,1,0,0,hit,0.6333333333333329,1,3
on_demand,27,0,7.5,3,0,0,hit,0.983333333333334,1,3
on_demand,15,0,10.0,0,0,0,hit,0.6666666666666666,1,3
on_demand,28,0,11.0,1,0,0,hit,0.375,1,3
on_demand,23,1,12.0,0,18,0,hit,0.20833333333333334,1,3
on_demand,34,1,12.0,2,13,0,hit,0.375,1,3
on_demand,19,1,12.5,1,16,0,hit,0.16666666666666666,1,3
on_demand,8,1,13.5,3,12,0,hit,0.375,1,3
on_demand,9,0,13.5,0,0,0,hit,0.4166666666666667,1,3
on_demand,14,1,15.5,0,15,0,hit,0.3333333333333333,1,3
on_demand,37,1,15.5,1,16,0,hit,0.20833333333333334,1,3
on_demand,11,0,16.0,2,0,0,hit,0.375,1,3
on_demand,17,1,16.5,0,11,0,hit,0.16666666666666666,1,3
on_demand,29,1,17.0,1,11,0,hit,0.125,1,3
on_demand,30,1,17.0,1,17,0,hit,1.0749999999999993,1,3
on_demand,0,0,18.0,0,0,0,hit,0.4166666666666667,1,3
on_demand,18,0,18.0,2,0,0,hit,0.4166666666666667,1,3
on_demand,39,0,18.0,3,0,0,hit,0.5416666666666666,1,3
on_demand,5,0,18.5,1,0,0,hit,0.8166666666666652,1,3
on_demand,22,1,18.5,3,15,0,hit,0.9916666666666671,1,3
on_demand,38,1,18.5,0,14,14,transfer,1.1416666666666664,1,3
on_demand,15,1,20.0,0,20,0,hit,0.5750000000000004,1,3
on_demand,35,0,20.0,2,0,0,hit,0.3333333333333333,1,3
on_demand,33,1,21.5,2,16,0,hit,0.20833333333333334,1,3
on_demand,26,1,22.0,2,13,0,hit,0.33333333333333215,1,3
on_demand,27,1,22.0,3,19,0,hit,0.125,1,3
on_demand,9,1,23.5,0,14,0,hit,0.25,1,3
on_demand,20,1,24.0,3,15,0,hit,0.25,1,3
on_demand,4,1,25.5,0,20,20,recompute,2.0,1,3
on_demand,37,2,25.5,1,26,0,hit,0.3333333333333333,1,3
on_demand,11,1,26.0,2,15,0,hit,0.2916666666666667,1,3
on_demand,36,1,26.0,3,11,11,transfer,0.7166666666666667,1,3
on_demand,1,0,27.0,1,0,0,hit,0.375,1,3
on_demand,7,1,27.0,2,15,15,recompute,1.5,1,3
on_demand,34,2,27.0,2,29,0,hit,1.9083333333333325,1,3
on_demand,28,1,27.5,1,15,0,hit,0.5500000000000007,1,3
on_demand,30,2,28.0,1,30,0,hit,0.625,1,3
on_demand,22,2,29.0,3,24,0,hit,0.375,1,3
on_demand,21,0,31.0,0,0,0,hit,0.5833333333333334,1,3
on_demand,33,2,31.5,2,26,0,hit,0.2916666666666667,1,3
on_demand,13,1,32.0,0,17,17,recompute,1.7083333333333335,1,3
on_demand,26,2,32.0,2,23,0,hit,0.3583333333333366,1,3
on_demand,29,2,32.5,1,21,14,transfer,0.8666666666666666,1,3
on_demand,31,0,33.0,3,0,0,hit,0.5,1,3
on_demand,20,2,34.0,3,27,0,hit,0.4083333333333362,1,3
on_demand,25,0,34.5,0,0,0,hit,0.375,1,3
on_demand,3,1,35.0,1,15,15,recompute,1.5,1,3
on_demand,35,1,35.0,2,12,11,transfer,0.8416666666666668,1,3
on_demand,9,2,35.5,0,26,0,hit,0.2833333333333362,1,3
on_demand,19,2,36.0,3,23,23,recompute,2.291666666666667,0,3
on_demand,4,2,37.5,0,35,0,hit,0.20833333333333334,1,3
on_demand,28,2,39.0,1,26,0,hit,0.125,1,3
on_demand,23,2,39.5,0,25,25,recompute,2.291666666666667,0,3
on_demand,34,3,41.0,2,37,0,hit,0.16666666666666666,1,3
on_demand,30,3,41.5,1,46,0,hit,0.20833333333333334,1,3
on_demand,13,2,42.0,0,28,0,hit,0.5666666666666629,1,3
on_demand,17,2,42.0,2,22,22,recompute,2.0416666666666665,0,3
on_demand,31,1,43.0,3,19,0,hit,0.125,1,3
on_demand,36,2,43.0,3,22,0,hit,0.45000000000000284,1,3
on_demand,37,3,43.5,0,39,39,recompute,3.5416666666666665,0,3
on_demand,14,2,44.5,1,25,25,recompute,2.4583333333333335,0,3
on_demand,35,2,45.0,2,21,0,hit,0.16666666666666666,1,3
on_demand,39,1,45.0,3,20,20,recompute,1.875,1,3
on_demand,6,1,45.5,2,16,16,recompute,1.7083333333333333,1,3
on_demand,9,3,45.5,0,36,4,transfer,2.4749999999999965,0,3
on_demand,22,3,46.0,3,38,8,transfer,1.7999999999999985,1,3
on_demand,33,3,47.5,2,37,15,transfer,1.3083333333333371,1,3
on_demand,32,0,48.5,1,0,0,hit,0.4583333333333333,1,3
on_demand,5,1,49.5,0,20,20,recompute,2.041666666666667,0,3
on_demand,24,0,50.0,1,0,0,hit,0.3333333333333333,1,3
on_demand,28,3,50.0,1,33,0,hit,1.0000000000000024,1,3
on_demand,18,1,51.0,2,15,15,recompute,1.4166666666666667,1,3
on_demand,11,2,52.0,0,25,25,recompute,2.25,0,3
on_demand,31,2,53.0,3,24,0,hit,0.2916666666666667,1,3
on_demand,3,2,53.5,1,25,25,recompute,2.2083333333333335,0,3
on_demand,13,3,53.5,0,40,0,hit,1.783333333333336,1,3
on_demand,17,3,53.5,2,32,0,hit,0.125,1,3
on_demand,20,3,54.5,2,36,36,recompute,3.375,0,3
on_demand,25,1,54.5,3,16,16,recompute,1.5,1,3
on_demand,15,2,55.0,0,33,33,recompute,4.00833333333334,0,3
on_demand,23,3,55.0,1,34,34,recompute,4.066666666666668,0,3
on_demand,39,2,55.0,3,29,0,hit,1.7666666666666682,1,3
on_demand,12,0,56.0,3,0,0,hit,2.133333333333335,0,3
on_demand,14,3,56.0,1,36,0,hit,3.800000000000002,0,3
on_demand,0,1,56.5,2,14,14,recompute,3.433333333333335,0,3
on_demand,27,2,57.0,3,24,24,recompute,3.758333333333333,0,3
on_demand,38,2,58.0,0,23,23,recompute,3.7000000000000055,0,3
on_demand,6,2,59.0,2,31,15,transfer,2.0916666666666734,0,3
on_demand,8,2,59.0,1,24,24,recompute,3.125000000000007,0,3
on_demand,9,4,59.0,3,51,51,transfer,4.774999999999997,0,3
on_demand,1,1,59.5,2,12,12,recompute,3.4000000000000106,0,3
on_demand,5,2,59.5,0,32,0,hit,2.7083333333333335,0,3
on_demand,24,1,60.0,1,13,0,hit,2.7750000000000057,0,3
on_demand,10,1,62.5,0,16,16,recompute,1.7166666666666661,1,3
on_demand,16,1,62.5,1,19,19,recompute,2.391666666666675,0,3
on_demand,31,3,63.0,3,33,0,hit,1.2250000000000014,1,3
on_demand,17,4,63.5,2,39,0,hit,0.16666666666666666,1,3
on_demand,18,2,64.0,2,25,19,transfer,1.3916666666666628,1,3
on_demand,22,4,65.0,0,44,44,recompute,4.0,0,3
on_demand,39,3,65.0,3,40,40,recompute,3.541666666666667,0,3
on_demand,14,4,66.0,1,46,0,hit,0.20833333333333334,1,3
on_demand,2,0,67.0,1,0,0,hit,0.375,1,3
on_demand,8,3,69.0,1,31,4,transfer,0.4916666666666667,1,3
on_demand,9,5,70.5,3,57,0,hit,0.375,1,3
on_demand,24,2,73.0,1,21,13,transfer,0.9416666666666667,1,3
on_demand,34,4,74.0,0,43,43,recompute,3.8333333333333335,0,3
on_demand,22,5,75.0,1,54,54,transfer,2.95,0,3
on_demand,39,4,75.0,3,50,0,hit,0.375,1,3
on_demand,4,3,76.0,2,46,46,recompute,3.9583333333333335,0,3
on_demand,18,3,76.0,3,39,39,transfer,2.2416666666666667,0,3
on_demand,28,4,76.0,0,44,44,recompute,6.433333333333322,0,3
on_demand,38,3,76.0,1,35,35,transfer,4.325000000000003,0,3
on_demand,16,2,76.5,3,33,33,transfer,3.958333333333332,0,3
on_demand,31,4,77.0,2,43,43,recompute,7.266666666666657,0,3
on_demand,15,3,79.0,1,46,46,recompute,5.99166666666667,0,3
on_demand,9,6,80.5,3,72,4,transfer,0.9499999999999953,1,3
on_demand,6,3,84.0,2,42,22,transfer,2.1749999999999794,0,3
on_demand,7,2,84.0,0,23,23,recompute,2.125,0,3
on_demand,1,2,85.5,3,19,19,recompute,1.875,1,3
on_demand,3,3,86.0,1,32,32,recompute,2.9166666666666665,0,3
on_demand,27,3,88.0,0,30,30,recompute,2.625,0,3
on_demand,21,1,90.0,1,16,16,recompute,1.5833333333333333,1,3
on_demand,24,3,92.0,0,32,32,recompute,2.9166666666666665,0,3
on_demand,2,1,92.5,1,16,16,recompute,1.625,1,3
on_demand,12,1,92.5,2,21,21,recompute,1.9166666666666667,1,3
on_demand,10,2,95.0,1,30,30,recompute,2.7916666666666665,0,3
on_demand,3,4,96.0,0,44,44,transfer,2.5333333333333337,0,3
on_demand,6,4,97.5,2,54,0,hit,0.25,1,3
on_demand,27,4,98.0,0,38,0,hit,1.466666666666659,1,3
on_demand,25,2,101.0,0,26,26,recompute,2.458333333333333,0,3
on_demand,24,4,102.0,1,41,41,transfer,2.2583333333333333,0,3
on_demand,2,2,105.0,1,27,0,hit,0.375,1,3
on_demand,10,3,105.0,1,43,0,hit,1.2000000000000028,1,3
on_demand,12,2,105.5,2,30,0,hit,0.2916666666666667,1,3
on_demand,21,2,105.5,1,27,0,hit,1.5750000000000028,1,3
on_demand,6,5,107.5,2,62,0,hit,0.3333333333333333,1,3
on_demand,4,4,108.0,0,55,55,recompute,4.833333333333333,0,3
on_demand,27,5,108.0,1,52,52,transfer,2.9333333333333336,0,3
on_demand,32,1,108.5,2,14,14,recompute,1.4166666666666667,1,3
on_demand,24,5,114.5,0,49,49,recompute,4.25,0,3
on_demand,0,2,115.0,1,23,23,recompute,2.166666666666667,0,3
on_demand,12,3,115.5,2,44,0,hit,0.16666666666666666,1,3
on_demand,6,6,117.5,2,73,14,transfer,1.075,1,3
on_demand,15,4,118.0,1,61,61,recompute,5.291666666666666,0,3
on_demand,27,6,118.5,0,67,15,transfer,1.75,1,3
on_demand,1,3,120.0,3,33,0,hit,0.375,1,3
on_demand,4,5,126.5,0,65,65,recompute,5.625,0,3
on_demand,10,4,129.5,1,51,51,recompute,4.625,0,3
on_demand,1,4,130.0,3,47,0,hit,0.25,1,3
on_demand,0,3,132.0,2,33,33,transfer,1.9833333333333332,1,3
on_demand,2,3,133.0,0,43,43,recompute,3.75,0,3
on_demand,32,2,133.0,3,26,26,recompute,2.333333333333333,0,3
on_demand,4,6,138.0,0,73,0,hit,0.2916666666666667,1,3
on_demand,1,5,140.0,3,56,0,hit,0.3333333333333333,1,3
on_demand,15,5,142.0,1,68,0,hit,0.125,1,3
on_demand,2,4,143.0,0,49,26,transfer,1.675,1,3
on_demand,32,3,149.0,3,34,0,hit,0.375,1,3
on_demand,12,4,157.5,2,51,19,transfer,1.2,1,3
on_demand,12,5,179.0,2,63,0,hit,0.20833333333333334,1,3
eager_full,3,0,0.0,0,0,0,hit,0.375,1,3
eager_full,37,0,0.0,1,0,0,hit,0.5416666666666666,1,3
eager_full,23,0,2.0,0,0,0,hit,0.625,1,3
eager_full,30,0,2.0,1,0,0,hit,0.5,1,3
eager_full,34,0,2.0,2,0,0,hit,0.375,1,3
eager_full,8,0,2.5,3,0,0,hit,0.375,1,3
eager_full,10,0,2.5,2,0,0,hit,0.6499999999999999,1,3
eager_full,16,0,2.5,0,0,0,hit,1.0916666666666663,1,3
eager_full,19,0,2.5,1,0,0,hit,0.9583333333333333,1,3
eager_full,20,0,3.0,3,0,0,hit,0.5499999999999998,1,3
eager_full,36,0,3.0,2,0,0,hit,1.183333333333333,1,3
eager_full,6,0,4.0,0,0,0,hit,0.5,1,3
eager_full,7,0,4.0,1,0,0,hit,0.5,1,3
eager_full,22,0,4.0,3,0,0,hit,0.4833333333333328,1,3
eager_full,26,0,4.5,2,0,0,hit,0.375,1,3
eager_full,14,0,5.5,0,0,0,hit,0.4583333333333333,1,3
eager_full,17,0,6.5,0,0,0,hit,0.3333333333333333,1,3
eager_full,29,0,7.0,1,0,0,hit,0.3333333333333333,1,3
eager_full,33,0,7.0,2,0,0,hit,0.375,1,3
eager_full,38,0,7.0,3,0,0,hit,0.4166666666666667,1,3
eager_full,4,0,7.5,0,0,0,hit,0.5833333333333334,1,3
eager_full,13,0,7.5,1,0,0,hit,0.6333333333333329,1,3
eager_full,27,0,7.5,3,0,0,hit,0.983333333333334,1,3
eager_full,15,0,10.0,0,0,0,hit,0.6666666666666666,1,3
eager_full,28,0,11.0,1,0,0,hit,0.375,1,3
eager_full,23,1,12.0,0,18,0,hit,0.20833333333333334,1,3
eager_full,34,1,12.0,2,13,0,hit,0.375,1,3
eager_full,19,1,12.5,1,16,0,hit,0.16666666666666666,1,3
eager_full,8,1,13.5,3,12,0,hit,0.375,1,3
eager_full,9,0,13.5,0,0,0,hit,0.4166666666666667,1,3
eager_full,14,1,15.5,0,15,0,hit,0.3333333333333333,1,3
eager_full,37,1,15.5,1,16,0,hit,0.20833333333333334,1,3
eager_full,11,0,16.0,2,0,0,hit,0.375,1,3
eager_full,17,1,16.5,0,11,0,hit,0.16666666666666666,1,3
eager_full,29,1,17.0,1,11,0,hit,0.125,1,3
eager_full,30,1,17.0,1,17,0,hit,1.0749999999999993,1,3
eager_full,0,0,18.0,0,0,0,hit,0.4166666666666667,1,3
eager_full,18,0,18.0,2,0,0,hit,0.4166666666666667,1,3
eager_full,39,0,18.0,3,0,0,hit,0.5416666666666666,1,3
eager_full,5,0,18.5,1,0,0,hit,0.8166666666666652,1,3
eager_full,22,1,18.5,3,15,0,hit,0.9916666666666671,1,3
eager_full,38,1,18.5,0,14,0,hit,0.44166666666666643,1,3
eager_full,15,1,20.0,0,20,0,hit,0.3333333333333333,1,3
eager_full,35,0,20.0,2,0,0,hit,0.3333333333333333,1,3
eager_full,33,1,21.5,2,16,0,hit,0.20833333333333334,1,3
eager_full,26,1,22.0,2,13,0,hit,0.33333333333333215,1,3
eager_full,27,1,22.0,3,19,0,hit,0.125,1,3
eager_full,9,1,23.5,0,14,0,hit,0.25,1,3
eager_full,20,1,24.0,3,15,0,hit,0.25,1,3
eager_full,4,1,25.5,0,20,20,recompute,2.0,1,3
eager_full,37,2,25.5,1,26,0,hit,0.3333333333333333,1,3
eager_full,11,1,26.0,2,15,0,hit,0.2916666666666667,1,3
eager_full,36,1,26.0,3,11,2,transfer,0.26666666666666666,1,3
eager_full,1,0,27.0,1,0,0,hit,0.375,1,3
eager_full,7,1,27.0,3,15,14,transfer,0.95,1,3
eager_full,34,2,27.0,2,29,0,hit,0.20833333333333334,1,3
eager_full,28,1,27.5,1,15,4,transfer,0.7500000000000007,1,3
eager_full,30,2,28.0,1,30,0,hit,0.8249999999999993,1,3
eager_full,22,2,29.0,3,24,0,hit,0.375,1,3
eager_full,21,0,31.0,0,0,0,hit,0.5833333333333334,1,3
eager_full,33,2,31.5,2,26,0,hit,0.2916666666666667,1,3
eager_full,13,1,32.0,3,17,16,transfer,1.0916666666666668,1,3
eager_full,26,2,32.0,2,23,0,hit,0.3583333333333366,1,3
eager_full,29,2,32.5,1,21,14,transfer,0.8666666666666666,1,3
eager_full,31,0,33.0,0,0,0,hit,0.5,1,3
eager_full,20,2,34.0,3,27,8,transfer,0.6083333333333334,1,3
eager_full,25,0,34.5,0,0,0,hit,0.375,1,3
eager_full,3,1,35.0,3,15,14,transfer,0.9583333333333328,1,3
eager_full,35,1,35.0,1,12,12,transfer,0.8916666666666666,1,3
eager_full,9,2,35.5,0,26,0,hit,0.2833333333333362,1,3
eager_full,19,2,36.0,2,23,23,transfer,1.525,1,3
eager_full,4,2,37.5,0,35,0,hit,0.20833333333333334,1,3
eager_full,28,2,39.0,1,26,0,hit,0.125,1,3
eager_full,23,2,39.5,3,25,24,transfer,1.4083333333333332,1,3
eager_full,34,3,41.0,2,37,15,transfer,0.9166666666666666,1,3
eager_full,30,3,41.5,1,46,0,hit,0.20833333333333334,1,3
eager_full,13,2,42.0,3,28,0,hit,0.375,1,3
eager_full,17,2,42.0,0,22,22,recompute,2.0416666666666665,0,3
eager_full,31,1,43.0,1,19,19,transfer,1.075,1,3
eager_full,36,2,43.0,2,22,21,transfer,1.175,1,3
eager_full,37,3,43.5,3,39,39,transfer,2.2416666666666667,0,3
eager_full,14,2,44.5,1,25,25,transfer,1.625,1,3
eager_full,35,2,45.0,0,21,21,transfer,1.2166666666666668,1,3
eager_full,39,1,45.0,2,20,0,hit,0.20833333333333334,1,3
eager_full,6,1,45.5,2,16,16,transfer,1.2833333333333343,1,3
eager_full,9,3,45.5,0,36,0,hit,1.349999999999999,1,3
eager_full,22,3,46.0,3,38,37,transfer,2.116666666666666,0,3
eager_full,33,3,47.5,1,37,37,recompute,3.3333333333333335,0,3
eager_full,32,0,48.5,0,0,0,hit,0.4583333333333333,1,3
eager_full,5,1,49.5,0,20,20,recompute,2.041666666666667,0,3
eager_full,24,0,50.0,2,0,0,hit,0.3333333333333333,1,3
eager_full,28,3,50.0,1,33,0,hit,1.6000000000000039,1,3
eager_full,18,1,51.0,2,15,15,recompute,1.4166666666666667,1,3
eager_full,11,2,52.0,3,25,24,transfer,1.3666666666666667,1,3
eager_full,31,2,53.0,1,24,6,transfer,0.5916666666666667,1,3
eager_full,3,2,53.5,0,25,25,transfer,1.375,1,3
eager_full,13,3,53.5,3,40,14,transfer,1.6000000000000032,1,3
eager_full,17,3,53.5,2,32,32,transfer,1.725,1,3
eager_full,20,3,54.5,1,36,36,transfer,2.175,0,3
eager_full,25,1,54.5,0,16,16,recompute,2.274999999999998,0,3
eager_full,15,2,55.0,2,33,33,transfer,2.65,0,3
eager_full,23,3,55.0,3,34,33,transfer,2.4750000000000028,0,3
eager_full,39,2,55.0,0,29,13,transfer,3.1916666666666664,0,3
eager_full,12,0,56.0,1,0,0,hit,1.941666666666665,1,3
eager_full,14,3,56.0,1,36,0,hit,2.7749999999999964,0,3
eager_full,0,1,56.5,3,14,14,recompute,2.8333333333333335,0,3
eager_full,27,2,57.0,2,24,24,recompute,3.174999999999997,0,3
eager_full,38,2,58.0,3,23,0,hit,1.9083333333333385,1,3
eager_full,6,2,59.0,2,31,0,hit,1.6833333333333276,1,3
eager_full,8,2,59.0,0,24,24,transfer,1.325,1,3
eager_full,9,4,59.0,1,51,51,transfer,2.7166666666666663,0,3
eager_full,1,1,59.5,3,12,11,transfer,1.466666666666669,1,3
eager_full,5,2,59.5,0,32,0,hit,1.4333333333333347,1,3
eager_full,24,1,60.0,2,13,0,hit,1.5333333333333314,1,3
eager_full,10,1,62.5,0,16,16,recompute,1.7083333333333333,1,3
eager_full,16,1,62.5,1,19,19,recompute,1.9166666666666665,1,3
eager_full,31,3,63.0,3,33,32,transfer,1.85,1,3
eager_full,17,4,63.5,2,39,21,transfer,1.2166666666666668,1,3
eager_full,18,2,64.0,0,25,25,transfer,2.3333333333333286,0,3
eager_full,22,4,65.0,1,44,44,transfer,2.5499999999999994,0,3
eager_full,39,3,65.0,3,40,0,hit,0.45833333333333337,1,3
eager_full,14,4,66.0,1,46,0,hit,1.9583333333333333,1,3
eager_full,2,0,67.0,0,0,0,hit,0.375,1,3
eager_full,8,3,69.0,0,31,0,hit,0.2916666666666667,1,3
eager_full,9,5,70.5,3,57,56,transfer,3.175,0,3
eager_full,24,2,73.0,2,21,0,hit,0.2916666666666667,1,3
eager_full,34,4,74.0,0,43,43,transfer,2.4,0,3
eager_full,22,5,75.0,1,54,0,hit,0.25,1,3
eager_full,39,4,75.0,2,50,0,hit,0.375,1,3
eager_full,4,3,76.0,1,46,46,recompute,3.9583333333333335,0,3
eager_full,18,3,76.0,0,39,0,hit,1.2916666666666667,1,3
eager_full,28,4,76.0,3,44,43,transfer,2.4833333333333334,0,3
eager_full,38,3,76.0,2,35,31,transfer,1.675,1,3
eager_full,16,2,76.5,0,33,33,transfer,3.0083333333333435,0,3
eager_full,31,4,77.0,3,43,4,transfer,2.4083333333333288,0,3
eager_full,15,3,79.0,2,46,46,transfer,2.6333333333333333,0,3
eager_full,9,6,80.5,3,72,47,transfer,2.6416666666666666,0,3
eager_full,6,3,84.0,0,42,42,recompute,3.7083333333333335,0,3
eager_full,7,2,84.0,1,23,23,recompute,2.125,0,3
eager_full,1,2,85.5,2,19,18,transfer,1.1916666666666667,1,3
eager_full,3,3,86.0,3,32,32,transfer,1.85,1,3
eager_full,27,3,88.0,3,30,5,transfer,0.8249999999999886,1,3
eager_full,21,1,90.0,3,16,15,transfer,1.0,1,3
eager_full,24,3,92.0,3,32,31,transfer,1.8,1,3
eager_full,2,1,92.5,0,16,16,transfer,1.0916666666666668,1,3
eager_full,12,1,92.5,1,21,21,transfer,1.2166666666666668,1,3
eager_full,10,2,95.0,3,30,29,transfer,1.7416666666666667,1,3
eager_full,3,4,96.0,3,44,13,transfer,2.3249999999999877,0,3
eager_full,6,4,97.5,0,54,0,hit,0.25,1,3
eager_full,27,4,98.0,3,38,12,transfer,1.8583333333333163,1,3
eager_full,25,2,101.0,3,26,25,transfer,1.5416666666666667,1,3
eager_full,24,4,102.0,0,41,41,transfer,2.2583333333333333,0,3
eager_full,2,2,105.0,0,27,0,hit,0.375,1,3
eager_full,10,3,105.0,3,43,42,transfer,2.225,0,3
eager_full,12,2,105.5,1,30,0,hit,0.2916666666666667,1,3
eager_full,21,2,105.5,2,27,27,transfer,1.725,1,3
eager_full,6,5,107.5,0,62,5,transfer,0.5833333333333333,1,3
eager_full,4,4,108.0,1,55,0,hit,0.25,1,3
eager_full,27,5,108.0,3,52,0,hit,0.3333333333333333,1,3
eager_full,32,1,108.5,0,14,14,transfer,0.95,1,3
eager_full,24,5,114.5,0,49,46,transfer,2.4666666666666663,0,3
eager_full,0,2,115.0,1,23,23,recompute,2.166666666666667,0,3
eager_full,12,3,115.5,1,44,0,hit,2.2333333333333436,0,3
eager_full,6,6,117.5,0,73,0,hit,0.375,1,3
eager_full,15,4,118.0,2,61,23,transfer,1.3583333333333332,1,3
eager_full,27,6,118.5,3,67,0,hit,0.25,1,3
eager_full,1,3,120.0,0,33,33,recompute,3.125,0,3
eager_full,4,5,126.5,1,65,13,transfer,0.8583333333333334,1,3
eager_full,10,4,129.5,3,51,0,hit,0.375,1,3
eager_full,1,4,130.0,0,47,0,hit,0.25,1,3
eager_full,0,3,132.0,3,33,32,transfer,1.9333333333333333,1,3
eager_full,2,3,133.0,0,43,43,transfer,2.3166666666666664,0,3
eager_full,32,2,133.0,2,26,0,hit,0.16666666666666666,1,3
eager_full,4,6,138.0,1,73,0,hit,0.2916666666666667,1,3
eager_full,1,5,140.0,0,56,0,hit,0.3333333333333333,1,3
eager_full,15,5,142.0,2,68,0,hit,0.125,1,3
eager_full,2,4,143.0,0,49,14,transfer,1.075,1,3
eager_full,32,3,149.0,1,34,0,hit,0.375,1,3
eager_full,12,4,157.5,3,51,0,hit,0.25,1,3
eager_full,12,5,179.0,1,63,0,hit,0.20833333333333334,1,3
repkv,3,0,0.0,0,0,0,hit,0.375,1,3
repkv,37,0,0.0,1,0,0,hit,0.5416666666666666,1,3
repkv,23,0,2.0,0,0,0,hit,0.625,1,3
repkv,30,0,2.0,1,0,0,hit,0.5,1,3
repkv,34,0,2.0,2,0,0,hit,0.375,1,3
repkv,8,0,2.5,3,0,0,hit,0.375,1,3
repkv,10,0,2.5,2,0,0,hit,0.6499999999999999,1,3
repkv,16,0,2.5,0,0,0,hit,1.0916666666666663,1,3
repkv,19,0,2.5,1,0,0,hit,0.9583333333333333,1,3
repkv,20,0,3.0,3,0,0,hit,0.5499999999999998,1,3
repkv,36,0,3.0,2,0,0,hit,1.183333333333333,1,3
repkv,6,0,4.0,0,0,0,hit,0.5,1,3
repkv,7,0,4.0,1,0,0,hit,0.5,1,3
repkv,22,0,4.0,3,0,0,hit,0.4833333333333328,1,3
repkv,26,0,4.5,2,0,0,hit,0.375,1,3
repkv,14,0,5.5,0,0,0,hit,0.4583333333333333,1,3
repkv,17,0,6.5,0,0,0,hit,0.3333333333333333,1,3
repkv,29,0,7.0,1,0,0,hit,0.3333333333333333,1,3
repkv,33,0,7.0,2,0,0,hit,0.375,1,3
repkv,38,0,7.0,3,0,0,hit,0.4166666666666667,1,3
repkv,4,0,7.5,0,0,0,hit,0.5833333333333334,1,3
repkv,13,0,7.5,1,0,0,hit,0.6333333333333329,1,3
repkv,27,0,7.5,3,0,0,hit,0.983333333333334,1,3
repkv,15,0,10.0,0,0,0,hit,0.6666666666666666,1,3
repkv,28,0,11.0,1,0,0,hit,0.375,1,3
repkv,23,1,12.0,0,18,0,hit,0.20833333333333334,1,3
repkv,34,1,12.0,2,13,0,hit,0.375,1,3
repkv,19,1,12.5,1,16,0,hit,0.16666666666666666,1,3
repkv,8,1,13.5,3,12,0,hit,0.375,1,3
repkv,9,0,13.5,0,0,0,hit,0.4166666666666667,1,3
repkv,14,1,15.5,0,15,0,hit,0.3333333333333333,1,3
repkv,37,1,15.5,1,16,0,hit,0.20833333333333334,1,3
repkv,11,0,16.0,2,0,0,hit,0.375,1,3
repkv,17,1,16.5,0,11,0,hit,0.16666666666666666,1,3
repkv,29,1,17.0,1,11,0,hit,0.125,1,3
repkv,30,1,17.0,1,17,0,hit,1.0749999999999993,1,3
repkv,0,0,18.0,0,0,0,hit,0.4166666666666667,1,3
repkv,18,0,18.0,2,0,0,hit,0.4166666666666667,1,3
repkv,39,0,18.0,3,0,0,hit,0.5416666666666666,1,3
repkv,5,0,18.5,1,0,0,hit,0.8166666666666652,1,3
repkv,22,1,18.5,3,15,0,hit,0.9916666666666671,1,3
repkv,38,1,18.5,0,14,14,transfer,1.1416666666666664,1,3
repkv,15,1,20.0,0,20,0,hit,0.5750000000000004,1,3
repkv,35,0,20.0,2,0,0,hit,0.3333333333333333,1,3
repkv,33,1,21.5,2,16,0,hit,0.20833333333333334,1,3
repkv,26,1,22.0,2,13,0,hit,0.33333333333333215,1,3
repkv,27,1,22.0,3,19,0,hit,0.125,1,3
repkv,9,1,23.5,0,14,0,hit,0.25,1,3
repkv,20,1,24.0,3,15,0,hit,0.25,1,3
repkv,4,1,25.5,0,20,0,hit,0.3333333333333333,1,3
repkv,37,2,25.5,1,26,0,hit,0.3333333333333333,1,3
repkv,11,1,26.0,2,15,0,hit,0.2916666666666667,1,3
repkv,36,1,26.0,3,11,11,transfer,0.7166666666666667,1,3
repkv,1,0,27.0,0,0,0,hit,0.375,1,3
repkv,7,1,27.0,1,15,0,hit,0.25,1,3
repkv,34,2,27.0,2,29,0,hit,0.20833333333333334,1,3
repkv,28,1,27.5,1,15,0,hit,0.375,1,3
repkv,30,2,28.0,1,30,0,hit,0.4499999999999993,1,3
repkv,22,2,29.0,3,24,0,hit,0.375,1,3
repkv,21,0,31.0,0,0,0,hit,0.5833333333333334,1,3
repkv,33,2,31.5,2,26,0,hit,0.2916666666666667,1,3
repkv,13,1,32.0,1,17,0,hit,0.2916666666666667,1,3
repkv,26,2,32.0,2,23,0,hit,0.3583333333333366,1,3
repkv,29,2,32.5,1,21,0,hit,0.3583333333333295,1,3
repkv,31,0,33.0,0,0,0,hit,0.5,1,3
repkv,20,2,34.0,3,27,0,hit,0.20833333333333334,1,3
repkv,25,0,34.5,0,0,0,hit,0.375,1,3
repkv,3,1,35.0,1,15,15,recompute,1.5,1,3
repkv,35,1,35.0,2,12,0,hit,0.2916666666666667,1,3
repkv,9,2,35.5,0,26,0,hit,0.2833333333333362,1,3
repkv,19,2,36.0,2,23,23,transfer,1.525,1,3
repkv,4,2,37.5,0,35,0,hit,0.20833333333333334,1,3
repkv,28,2,39.0,1,26,16,transfer,0.925,1,3
repkv,23,2,39.5,0,25,24,transfer,1.4083333333333332,1,3
repkv,34,3,41.0,2,37,0,hit,0.16666666666666666,1,3
repkv,30,3,41.5,1,46,0,hit,0.20833333333333334,1,3
repkv,13,2,42.0,1,28,10,transfer,1.0833333333333357,1,3
repkv,17,2,42.0,0,22,0,hit,0.20833333333333334,1,3
repkv,31,1,43.0,0,19,0,hit,0.125,1,3
repkv,36,2,43.0,3,22,0,hit,0.125,1,3
repkv,37,3,43.5,1,39,12,transfer,0.8916666666666666,1,3
repkv,14,2,44.5,0,25,0,hit,0.375,1,3
repkv,35,2,45.0,2,21,0,hit,0.16666666666666666,1,3
repkv,39,1,45.0,3,20,0,hit,0.20833333333333334,1,3
repkv,6,1,45.5,0,16,0,hit,0.375,1,3
repkv,9,3,45.5,1,36,36,transfer,2.1333333333333333,0,3
repkv,22,3,46.0,3,38,0,hit,0.125,1,3
repkv,33,3,47.5,2,37,0,hit,0.25,1,3
repkv,32,0,48.5,0,0,0,hit,0.4583333333333333,1,3
repkv,5,1,49.5,0,20,20,recompute,2.041666666666667,0,3
repkv,24,0,50.0,1,0,0,hit,0.3333333333333333,1,3
repkv,28,3,50.0,1,33,0,hit,1.0000000000000024,1,3
repkv,18,1,51.0,2,15,0,hit,0.16666666666666666,1,3
repkv,11,2,52.0,2,25,3,transfer,0.31666666666666665,1,3
repkv,31,2,53.0,0,24,0,hit,0.2916666666666667,1,3
repkv,3,2,53.5,3,25,24,transfer,1.325,1,3
repkv,13,3,53.5,1,40,1,transfer,0.3833333333333333,1,3
repkv,17,3,53.5,0,32,0,hit,0.125,1,3
repkv,20,3,54.5,3,36,0,hit,1.1000000000000014,1,3
repkv,25,1,54.5,0,16,16,recompute,1.5,1,3
repkv,15,2,55.0,1,33,33,transfer,2.025,0,3
repkv,23,3,55.0,2,34,34,transfer,1.825,1,3
repkv,39,2,55.0,3,29,0,hit,1.3666666666666696,1,3
repkv,12,0,56.0,0,0,0,hit,1.266666666666668,1,3
repkv,14,3,56.0,0,36,0,hit,2.099999999999999,0,3
repkv,0,1,56.5,3,14,14,recompute,2.0250000000000035,0,3
repkv,27,2,57.0,2,24,24,transfer,1.5500000000000014,1,3
repkv,38,2,58.0,1,23,23,transfer,1.525,1,3
repkv,6,2,59.0,0,31,0,hit,0.20833333333333334,1,3
repkv,8,2,59.0,3,24,23,transfer,1.275,1,3
repkv,9,4,59.0,1,51,0,hit,0.9916666666666624,1,3
repkv,1,1,59.5,2,12,12,recompute,1.2083333333333333,1,3
repkv,5,2,59.5,0,32,32,transfer,2.1166666666666707,0,3
repkv,24,1,60.0,1,13,0,hit,0.4416666666666629,1,3
repkv,10,1,62.5,0,16,16,recompute,1.7083333333333333,1,3
repkv,16,1,62.5,1,19,19,recompute,1.9166666666666665,1,3
repkv,31,3,63.0,2,33,33,transfer,1.9,1,3
repkv,17,4,63.5,0,39,0,hit,1.3749999999999953,1,3
repkv,18,2,64.0,3,25,25,transfer,1.625,1,3
repkv,22,4,65.0,3,44,14,transfer,2.158333333333333,0,3
repkv,39,3,65.0,1,40,40,transfer,2.224999999999999,0,3
repkv,14,4,66.0,0,46,0,hit,0.20833333333333334,1,3
repkv,2,0,67.0,0,0,0,hit,0.375,1,3
repkv,8,3,69.0,3,31,0,hit,0.2916666666666667,1,3
repkv,9,5,70.5,1,57,0,hit,0.375,1,3
repkv,24,2,73.0,1,21,0,hit,0.2916666666666667,1,3
repkv,34,4,74.0,2,43,0,hit,0.25,1,3
repkv,22,5,75.0,3,54,0,hit,0.25,1,3
repkv,39,4,75.0,0,50,50,transfer,2.875,0,3
repkv,4,3,76.0,3,46,38,transfer,2.025,0,3
repkv,18,3,76.0,2,39,24,transfer,1.4916666666666667,1,3
repkv,28,4,76.0,1,44,44,recompute,4.0,0,3
repkv,38,3,76.0,2,35,35,transfer,3.7666666666666657,0,3
repkv,16,2,76.5,0,33,33,transfer,3.4916666666666636,0,3
repkv,31,4,77.0,2,43,0,hit,3.3916666666666657,0,3
repkv,15,3,79.0,3,46,34,transfer,2.033333333333333,0,3
repkv,9,6,80.5,1,72,0,hit,0.391666666666661,1,3
repkv,6,3,84.0,0,42,12,transfer,0.8083333333333333,1,3
repkv,7,2,84.0,3,23,22,transfer,1.3083333333333333,1,3
repkv,1,2,85.5,2,19,0,hit,0.2916666666666667,1,3
repkv,3,3,86.0,3,32,31,transfer,1.8,1,3
repkv,27,3,88.0,0,30,30,transfer,1.625,1,3
repkv,21,1,90.0,1,16,16,recompute,1.5833333333333333,1,3
repkv,24,3,92.0,1,32,8,transfer,0.7333333333333286,1,3
repkv,2,1,92.5,0,16,0,hit,0.2916666666666667,1,3
repkv,12,1,92.5,2,21,21,recompute,1.9166666666666667,1,3
repkv,10,2,95.0,3,30,29,transfer,1.7416666666666667,1,3
repkv,3,4,96.0,3,44,0,hit,1.6749999999999876,1,3
repkv,6,4,97.5,0,54,1,transfer,0.3,1,3
repkv,27,4,98.0,0,38,0,hit,0.3333333333333333,1,3
repkv,25,2,101.0,3,26,25,transfer,1.5416666666666667,1,3
repkv,24,4,102.0,1,41,0,hit,0.20833333333333334,1,3
repkv,2,2,105.0,3,27,26,transfer,1.675,1,3
repkv,10,3,105.0,0,43,43,transfer,2.275,0,3
repkv,12,2,105.5,2,30,0,hit,0.2916666666666667,1,3
repkv,21,2,105.5,1,27,21,transfer,1.425,1,3
repkv,6,5,107.5,0,62,0,hit,0.6083333333333389,1,3
repkv,4,4,108.0,3,55,22,transfer,1.35,1,3
repkv,27,5,108.0,0,52,0,hit,0.7416666666666647,1,3
repkv,32,1,108.5,1,14,14,recompute,1.4166666666666667,1,3
repkv,24,5,114.5,1,49,0,hit,0.16666666666666666,1,3
repkv,0,2,115.0,3,23,22,transfer,1.35,1,3
repkv,12,3,115.5,2,44,0,hit,0.16666666666666666,1,3
repkv,6,6,117.5,0,73,12,transfer,0.975,1,3
repkv,15,4,118.0,3,61,36,transfer,2.0083333333333333,0,3
repkv,27,6,118.5,0,67,0,hit,0.9249999999999972,1,3
repkv,1,3,120.0,2,33,0,hit,0.375,1,3
repkv,4,5,126.5,3,65,36,transfer,2.0083333333333333,0,3
repkv,10,4,129.5,3,51,35,transfer,2.125,0,3
repkv,1,4,130.0,2,47,0,hit,0.25,1,3
repkv,0,3,132.0,3,33,32,transfer,1.9333333333333333,1,3
repkv,2,3,133.0,2,43,35,transfer,1.9166666666666667,1,3
repkv,32,2,133.0,0,26,26,transfer,1.4666666666666668,1,3
repkv,4,6,138.0,3,73,32,transfer,1.8916666666666668,1,3
repkv,1,5,140.0,2,56,0,hit,0.3333333333333333,1,3
repkv,15,5,142.0,3,68,59,transfer,3.075,0,3
repkv,2,4,143.0,2,49,0,hit,0.375,1,3
repkv,32,3,149.0,0,34,0,hit,0.375,1,3
repkv,12,4,157.5,2,51,37,transfer,2.1,0,3
repkv,12,5,179.0,2,63,0,hit,0.20833333333333334,1,3
on_demand,31,0,0.0,0,0,0,hit,0.5833333333333334,1,4
on_demand,37,0,1.0,1,0,0,hit,0.6666666666666666,1,4
on_demand,13,0,1.5,0,0,0,hit,0.4583333333333333,1,4
on_demand,18,0,1.5,2,0,0,hit,0.4583333333333333,1,4
on_demand,1,0,2.0,3,0,0,hit,0.5416666666666666,1,4
on_demand,16,0,2.0,1,0,0,hit,0.5249999999999997,1,4
on_demand,21,0,2.5,0,0,0,hit,0.4333333333333331,1,4
on_demand,11,0,3.5,1,0,0,hit,0.3333333333333333,1,4
on_demand,39,0,3.5,2,0,0,hit,0.5,1,4
on_demand,0,0,7.0,0,0,0,hit,0.5833333333333334,1,4
on_demand,9,0,7.5,1,0,0,hit,0.4583333333333333,1,4
on_demand,5,0,10.0,0,0,0,hit,0.5833333333333334,1,4
on_demand,27,0,10.5,1,0,0,hit,0.4166666666666667,1,4
on_demand,2,0,11.5,0,0,0,hit,0.5416666666666666,1,4
on_demand,20,0,11.5,2,0,0,hit,0.375,1,4
on_demand,37,1,11.5,1,20,0,hit,0.32499999999999873,1,4
on_demand,13,1,12.0,0,17,0,hit,1.0749999999999986,1,4
on_demand,25,0,13.5,1,0,0,hit,0.3333333333333333,1,4
on_demand,39,1,13.5,2,18,0,hit,0.20833333333333334,1,4
on_demand,16,1,14.0,1,14,0,hit,0.7833333333333332,1,4
on_demand,23,0,14.0,0,0,0,hit,0.5416666666666666,1,4
on_demand,28,0,14.5,2,0,0,hit,0.4583333333333333,1,4
on_demand,29,0,15.0,0,0,0,hit,0.5,1,4
on_demand,32,0,15.0,3,0,0,hit,0.5416666666666666,1,4
on_demand,1,1,15.5,3,20,0,hit,0.8083333333333323,1,4
on_demand,0,1,17.0,0,19,0,hit,0.375,1,4
on_demand,33,0,17.0,1,0,0,hit,0.375,1,4
on_demand,9,1,17.5,1,18,0,hit,0.625,1,4
on_demand,35,0,18.0,0,0,0,hit,0.3333333333333333,1,4
on_demand,12,0,18.5,2,0,0,hit,0.3333333333333333,1,4
on_demand,34,0,18.5,3,0,0,hit,0.6666666666666666,1,4
on_demand,4,0,21.0,0,0,0,hit,0.5833333333333334,1,4
on_demand,20,1,21.5,2,14,0,hit,0.16666666666666666,1,4
on_demand,18,1,22.5,2,17,0,hit,0.16666666666666666,1,4
on_demand,3,0,23.0,0,0,0,hit,0.375,1,4
on_demand,14,0,23.5,1,0,0,hit,0.4583333333333333,1,4
on_demand,29,1,25.0,0,14,0,hit,0.375,1,4
on_demand,32,1,25.0,3,19,0,hit,0.2916666666666667,1,4
on_demand,1,2,25.5,3,29,0,hit,0.7000000000000005,1,4
on_demand,16,2,25.5,1,26,0,hit,0.25,1,4
on_demand,23,1,26.5,0,15,0,hit,0.2916666666666667,1,4
on_demand,0,2,27.0,0,30,0,hit,0.30000000000000193,1,4
on_demand,39,2,27.5,2,26,0,hit,0.16666666666666666,1,4
on_demand,25,1,28.0,1,15,0,hit,0.3333333333333333,1,4
on_demand,35,1,28.0,0,13,0,hit,0.3333333333333333,1,4
on_demand,12,1,28.5,2,15,0,hit,0.375,1,4
on_demand,19,0,30.5,0,0,0,hit,0.4166666666666667,1,4
on_demand,8,0,31.0,1,0,0,hit,0.625,1,4
on_demand,20,2,31.5,2,21,0,hit,0.25,1,4
on_demand,26,0,31.5,3,0,0,hit,0.625,1,4
on_demand,7,0,32.0,0,0,0,hit,0.5416666666666666,1,4
on_demand,10,0,32.0,2,0,0,hit,0.375,1,4
on_demand,18,2,32.5,2,27,0,hit,0.5249999999999986,1,4
on_demand,30,0,33.0,1,0,0,hit,0.625,1,4
on_demand,21,1,33.5,0,15,15,recompute,1.5,1,4
on_demand,1,3,35.5,3,40,0,hit,0.20833333333333334,1,4
on_demand,16,3,35.5,1,34,0,hit,0.16666666666666666,1,4
on_demand,36,0,36.0,0,0,0,hit,0.5,1,4
on_demand,4,1,37.0,0,17,17,recompute,1.625,1,4
on_demand,28,1,37.0,2,14,11,transfer,0.8416666666666668,1,4
on_demand,9,2,37.5,1,29,12,transfer,0.8083333333333333,1,4
on_demand,11,1,37.5,3,13,13,recompute,1.4166666666666665,1,4
on_demand,35,2,38.0,0,25,0,hit,1.1499999999999986,1,4
on_demand,27,1,39.5,1,17,17,recompute,1.7083333333333335,1,4
on_demand,39,3,39.5,2,37,0,hit,0.2916666666666667,1,4
on_demand,25,2,40.0,0,30,30,transfer,1.7083333333333333,1,4
on_demand,19,1,40.5,2,16,16,transfer,1.0083333333333333,1,4
on_demand,8,1,41.0,1,20,0,hit,0.7750000000000009,1,4
on_demand,20,3,41.5,2,29,14,transfer,1.541666666666666,1,4
on_demand,6,0,42.0,3,0,0,hit,0.6666666666666666,1,4
on_demand,18,3,42.5,2,40,0,hit,1.0083333333333282,1,4
on_demand,2,1,43.0,0,20,20,recompute,1.7916666666666667,1,4
on_demand,21,2,43.5,1,25,25,transfer,1.5,1,4
on_demand,24,0,44.0,3,0,0,hit,0.5833333333333334,1,4
on_demand,30,1,44.5,1,19,0,hit,1.1333333333333304,1,4
on_demand,34,1,44.5,3,23,0,hit,1.1583333333333385,1,4
on_demand,33,1,45.0,0,14,14,recompute,1.5,1,4
on_demand,14,1,46.0,2,18,18,recompute,1.6666666666666667,1,4
on_demand,15,0,46.0,1,0,0,hit,0.36666666666666475,1,4
on_demand,10,1,47.0,0,13,13,recompute,1.3333333333333333,1,4
on_demand,32,2,47.0,1,33,33,recompute,3.0833333333333335,0,4
on_demand,11,2,47.5,3,23,0,hit,0.125,1,4
on_demand,4,2,48.0,0,26,0,hit,1.1000000000000039,1,4
on_demand,1,4,50.5,3,50,0,hit,0.20833333333333334,1,4
on_demand,9,3,51.0,0,38,38,recompute,3.375,0,4
on_demand,27,2,51.5,1,28,1,transfer,0.25833333333333336,1,4
on_demand,18,4,52.5,2,51,0,hit,0.2916666666666667,1,4
on_demand,37,2,52.5,1,32,32,recompute,2.958333333333333,0,4
on_demand,16,4,53.0,3,42,42,recompute,3.7916666666666665,0,4
on_demand,0,3,53.5,2,38,38,recompute,3.2916666666666665,0,4
on_demand,12,2,54.0,0,31,31,recompute,3.5083333333333306,0,4
on_demand,34,2,54.5,3,37,0,hit,3.2833333333333337,0,4
on_demand,26,1,55.5,1,20,20,recompute,2.116666666666672,0,4
on_demand,29,2,56.0,2,26,26,recompute,3.991666666666667,0,4
on_demand,7,1,56.5,1,19,19,recompute,3.2333333333333436,0,4
on_demand,39,4,57.0,3,51,51,recompute,5.80833333333333,0,4
on_demand,11,3,57.5,0,29,29,transfer,2.283333333333336,0,4
on_demand,5,1,59.0,1,17,17,recompute,2.616666666666672,0,4
on_demand,13,2,59.5,0,32,32,recompute,3.500000000000002,0,4
on_demand,17,0,60.0,2,0,0,hit,0.9749999999999991,1,4
on_demand,31,1,60.0,2,20,20,recompute,3.1916666666666655,0,4
on_demand,14,2,61.0,1,24,24,transfer,2.4250000000000065,0,4
on_demand,23,2,62.0,3,25,25,recompute,3.3,0,4
on_demand,28,2,62.0,0,24,24,recompute,3.3666666666666694,0,4
on_demand,18,5,63.5,2,65,17,transfer,1.1416666666666666,1,4
on_demand,12,3,64.0,0,44,0,hit,2.175000000000002,0,4
on_demand,2,2,65.0,1,25,25,recompute,2.375,0,4
on_demand,8,2,65.5,2,29,29,recompute,2.625,0,4
on_demand,16,5,65.5,3,56,0,hit,0.8333333333333333,1,4
on_demand,15,1,67.0,0,11,11,recompute,1.2083333333333333,1,4
on_demand,32,3,68.5,1,48,48,recompute,4.333333333333333,0,4
on_demand,6,1,69.0,0,18,18,recompute,1.8333333333333333,1,4
on_demand,34,3,69.0,2,48,48,recompute,4.375,0,4
on_demand,5,2,69.5,3,25,25,transfer,1.5833333333333333,1,4
on_demand,19,2,69.5,0,26,26,recompute,4.433333333333322,0,4
on_demand,10,2,70.0,3,25,25,recompute,3.7333333333333343,0,4
on_demand,17,1,70.0,2,17,0,hit,4.025000000000006,0,4
on_demand,31,2,70.0,2,29,0,hit,4.591666666666678,0,4
on_demand,7,2,72.0,1,30,0,hit,1.4249999999999925,1,4
on_demand,23,3,72.0,3,37,0,hit,2.058333333333337,0,4
on_demand,36,1,72.0,1,17,17,recompute,3.4749999999999948,0,4
on_demand,22,0,73.5,0,0,0,hit,1.433333333333323,1,4
on_demand,4,3,74.0,3,35,35,recompute,3.6000000000000036,0,4
on_demand,3,1,78.0,0,13,13,recompute,1.2916666666666665,1,4
on_demand,6,2,79.0,0,32,0,hit,0.9666666666666686,1,4
on_demand,34,4,79.0,2,61,0,hit,0.20833333333333334,1,4
on_demand,18,6,80.5,0,74,74,recompute,6.541666666666667,0,4
on_demand,32,4,81.5,1,59,0,hit,0.375,1,4
on_demand,17,2,82.0,2,27,18,transfer,1.0666666666666667,1,4
on_demand,36,2,82.5,1,31,0,hit,0.3333333333333333,1,4
on_demand,8,3,83.5,1,37,37,recompute,3.375,0,4
on_demand,7,3,85.5,2,40,40,transfer,2.3333333333333335,0,4
on_demand,30,2,85.5,3,31,31,recompute,2.8333333333333335,0,4
on_demand,33,2,86.0,1,24,24,recompute,3.325000000000003,0,4
on_demand,21,3,86.5,0,34,34,recompute,3.925000000000002,0,4
on_demand,14,3,87.0,2,33,33,recompute,4.216666666666659,0,4
on_demand,3,2,88.0,3,21,21,transfer,2.249999999999998,0,4
on_demand,39,5,88.5,1,62,62,recompute,6.924999999999997,0,4
on_demand,34,5,89.0,2,72,0,hit,2.9666666666666544,0,4
on_demand,22,1,90.0,0,14,0,hit,1.25,1,4
on_demand,2,3,90.5,3,38,38,recompute,3.4833333333333387,0,4
on_demand,29,3,90.5,0,38,38,recompute,4.783333333333336,0,4
on_demand,23,4,91.0,3,45,0,hit,3.6750000000000065,0,4
on_demand,26,2,91.5,2,29,29,recompute,3.5916666666666544,0,4
on_demand,32,5,91.5,1,70,16,transfer,5.8,0,4
on_demand,12,4,92.5,3,51,51,recompute,7.216666666666678,0,4
on_demand,36,3,92.5,1,44,0,hit,5.291666666666667,0,4
on_demand,38,0,92.5,0,0,0,hit,3.4583333333333286,0,4
on_demand,15,2,94.5,2,22,22,recompute,3.3999999999999817,0,4
on_demand,10,3,95.0,0,31,31,recompute,4.133333333333326,0,4
on_demand,31,3,95.0,1,38,38,recompute,6.40833333333334,0,4
on_demand,7,4,95.5,2,51,51,recompute,7.458333333333305,0,4
on_demand,27,3,96.0,0,40,40,recompute,6.991666666666665,0,4
on_demand,14,4,97.0,3,46,46,transfer,5.625000000000021,0,4
on_demand,39,6,98.5,1,77,76,transfer,7.275000000000018,0,4
on_demand,34,6,99.5,2,83,0,hit,4.2249999999999615,0,4
on_demand,11,4,100.0,3,35,35,recompute,6.3166666666667,0,4
on_demand,29,4,100.5,0,45,0,hit,3.0833333333333237,0,4
on_demand,24,1,101.5,0,21,21,recompute,4.483333333333334,0,4
on_demand,28,3,102.5,2,34,34,recompute,4.783333333333294,0,4
on_demand,5,3,103.0,1,37,37,recompute,6.691666666666687,0,4
on_demand,21,4,104.0,0,47,47,recompute,6.89166666666667,0,4
on_demand,15,3,104.5,3,37,37,recompute,5.525000000000039,0,4
on_demand,7,5,105.5,2,62,58,transfer,5.208333333333295,0,4
on_demand,2,4,106.0,3,46,40,transfer,6.55833333333337,0,4
on_demand,3,3,106.0,1,29,29,recompute,7.05833333333336,0,4
on_demand,31,4,108.0,1,48,0,hit,5.691666666666696,0,4
on_demand,33,3,108.5,2,36,36,recompute,5.9749999999999615,0,4
on_demand,22,2,110.5,0,24,24,recompute,3.1583333333333266,0,4
on_demand,26,3,110.5,3,40,40,recompute,5.925000000000035,0,4
on_demand,14,5,113.5,1,55,55,transfer,3.3500000000000276,0,4
on_demand,24,2,114.5,0,34,0,hit,0.375,1,4
on_demand,8,4,115.0,2,46,46,recompute,4.216666666666636,0,4
on_demand,3,4,116.0,1,38,0,hit,1.6583333333333503,1,4
on_demand,6,3,116.0,0,46,46,recompute,3.9583333333333335,0,4
on_demand,10,4,118.0,3,42,42,recompute,3.7083333333333335,0,4
on_demand,26,4,123.5,3,54,0,hit,0.375,1,4
on_demand,24,3,124.5,0,49,0,hit,0.125,1,4
on_demand,38,1,124.5,1,12,12,recompute,1.1666666666666667,1,4
on_demand,7,6,126.0,2,71,0,hit,0.2916666666666667,1,4
on_demand,5,4,129.5,0,52,52,recompute,4.583333333333333,0,4
on_demand,3,5,130.5,1,49,0,hit,0.125,1,4
on_demand,8,5,135.5,2,55,27,transfer,1.725,1,4
on_demand,6,4,136.0,0,51,0,hit,0.2916666666666667,1,4
on_demand,21,5,136.5,1,60,60,recompute,5.291666666666667,0,4
on_demand,31,5,137.5,0,58,58,recompute,5.208333333333333,0,4
on_demand,24,4,142.0,2,56,56,transfer,3.175,0,4
on_demand,38,2,146.0,1,18,0,hit,0.3333333333333333,1,4
on_demand,26,5,146.5,3,66,0,hit,0.375,1,4
on_demand,31,6,147.5,0,73,0,hit,0.20833333333333334,1,4
on_demand,5,5,149.0,0,63,63,recompute,5.416666666666667,0,4
on_demand,3,6,151.0,1,54,0,hit,0.125,1,4
on_demand,10,5,151.5,3,49,14,transfer,0.8666666666666666,1,4
on_demand,12,5,152.5,1,62,62,recompute,5.375,0,4
on_demand,6,5,154.5,0,62,35,transfer,2.5749999999999793,0,4
on_demand,8,6,154.5,2,66,0,hit,0.2916666666666667,1,4
on_demand,21,6,156.0,2,74,74,transfer,4.033333333333333,0,4
on_demand,27,4,156.0,3,46,46,recompute,4.166666666666667,0,4
on_demand,38,3,161.5,1,30,0,hit,0.125,1,4
on_demand,27,5,166.0,3,61,0,hit,0.3333333333333333,1,4
on_demand,14,6,173.5,0,66,66,recompute,5.75,0,4
on_demand,38,4,173.5,1,39,0,hit,0.20833333333333334,1,4
on_demand,10,6,179.5,3,60,12,transfer,0.9333333333333333,1,4
on_demand,26,6,185.0,0,79,79,recompute,6.791666666666666,0,4
on_demand,27,6,188.0,3,71,9,transfer,0.7416666666666667,1,4
on_demand,38,5,192.5,1,51,0,hit,0.125,1,4
on_demand,38,6,202.5,1,60,0,hit,0.3333333333333333,1,4
eager_full,31,0,0.0,0,0,0,hit,0.5833333333333334,1,4
eager_full,37,0,1.0,1,0,0,hit,0.6666666666666666,1,4
eager_full,13,0,1.5,0,0,0,hit,0.4583333333333333,1,4
eager_full,18,0,1.5,2,0,0,hit,0.4583333333333333,1,4
eager_full,1,0,2.0,3,0,0,hit,0.5416666666666666,1,4
eager_full,16,0,2.0,1,0,0,hit,0.5249999999999997,1,4
eager_full,21,0,2.5,0,0,0,hit,0.4333333333333331,1,4
eager_full,11,0,3.5,1,0,0,hit,0.3333333333333333,1,4
eager_full,39,0,3.5,2,0,0,hit,0.5,1,4
eager_full,0,0,7.0,0,0,0,hit,0.5833333333333334,1,4
eager_full,9,0,7.5,1,0,0,hit,0.4583333333333333,1,4
eager_full,5,0,10.0,0,0,0,hit,0.5833333333333334,1,4
eager_full,27,0,10.5,1,0,0,hit,0.4166666666666667,1,4
eager_full,2,0,11.5,0,0,0,hit,0.5416666666666666,1,4
eager_full,20,0,11.5,2,0,0,hit,0.375,1,4
eager_full,37,1,11.5,1,20,0,hit,0.32499999999999873,1,4
eager_full,13,1,12.0,0,17,0,hit,1.0749999999999986,1,4
eager_full,25,0,13.5,1,0,0,hit,0.3333333333333333,1,4
eager_full,39,1,13.5,2,18,0,hit,0.20833333333333334,1,4
eager_full,16,1,14.0,3,14,9,transfer,0.7,1,4
eager_full,23,0,14.0,0,0,0,hit,0.5416666666666666,1,4
eager_full,28,0,14.5,2,0,0,hit,0.4583333333333333,1,4
eager_full,29,0,15.0,0,0,0,hit,0.5,1,4
eager_full,32,0,15.0,1,0,0,hit,0.5416666666666666,1,4
eager_full,1,1,15.5,3,20,0,hit,0.16666666666666666,1,4
eager_full,0,1,17.0,0,19,0,hit,0.375,1,4
eager_full,33,0,17.0,1,0,0,hit,0.375,1,4
eager_full,9,1,17.5,1,18,0,hit,0.625,1,4
eager_full,35,0,18.0,0,0,0,hit,0.3333333333333333,1,4
eager_full,12,0,18.5,2,0,0,hit,0.3333333333333333,1,4
eager_full,34,0,18.5,3,0,0,hit,0.6666666666666666,1,4
eager_full,4,0,21.0,0,0,0,hit,0.5833333333333334,1,4
eager_full,20,1,21.5,2,14,0,hit,0.16666666666666666,1,4
eager_full,18,1,22.5,2,17,0,hit,0.16666666666666666,1,4
eager_full,3,0,23.0,0,0,0,hit,0.375,1,4
eager_full,14,0,23.5,1,0,0,hit,0.4583333333333333,1,4
eager_full,29,1,25.0,0,14,0,hit,0.375,1,4
eager_full,32,1,25.0,1,19,0,hit,0.2916666666666667,1,4
eager_full,1,2,25.5,3,29,0,hit,0.20833333333333334,1,4
eager_full,16,2,25.5,3,26,0,hit,1.0583333333333336,1,4
eager_full,23,1,26.5,0,15,0,hit,0.2916666666666667,1,4
eager_full,0,2,27.0,0,30,0,hit,0.30000000000000193,1,4
eager_full,39,2,27.5,2,26,0,hit,0.16666666666666666,1,4
eager_full,25,1,28.0,1,15,0,hit,0.3333333333333333,1,4
eager_full,35,1,28.0,0,13,0,hit,0.3333333333333333,1,4
eager_full,12,1,28.5,2,15,0,hit,0.375,1,4
eager_full,19,0,30.5,0,0,0,hit,0.4166666666666667,1,4
eager_full,8,0,31.0,1,0,0,hit,0.625,1,4
eager_full,20,2,31.5,2,21,0,hit,0.25,1,4
eager_full,26,0,31.5,3,0,0,hit,0.625,1,4
eager_full,7,0,32.0,0,0,0,hit,0.5416666666666666,1,4
eager_full,10,0,32.0,2,0,0,hit,0.375,1,4
eager_full,18,2,32.5,2,27,0,hit,0.5249999999999986,1,4
eager_full,30,0,33.0,1,0,0,hit,0.625,1,4
eager_full,21,1,33.5,3,15,14,transfer,0.95,1,4
eager_full,1,3,35.5,3,40,0,hit,0.20833333333333334,1,4
eager_full,16,3,35.5,3,34,0,hit,0.8750000000000023,1,4
eager_full,36,0,36.0,0,0,0,hit,0.5,1,4
eager_full,4,1,37.0,0,17,16,transfer,1.0083333333333333,1,4
eager_full,28,1,37.0,3,14,13,transfer,0.9416666666666667,1,4
eager_full,9,2,37.5,1,29,18,transfer,1.1083333333333334,1,4
eager_full,11,1,37.5,2,13,13,transfer,0.9833333333333334,1,4
eager_full,35,2,38.0,0,25,0,hit,0.5333333333333314,1,4
eager_full,27,1,39.5,3,17,16,transfer,1.0916666666666668,1,4
eager_full,39,3,39.5,2,37,0,hit,0.2916666666666667,1,4
eager_full,25,2,40.0,1,30,0,hit,0.20833333333333334,1,4
eager_full,19,1,40.5,0,16,0,hit,0.20833333333333334,1,4
eager_full,8,1,41.0,1,20,0,hit,0.16666666666666666,1,4
eager_full,20,3,41.5,2,29,13,transfer,0.9833333333333334,1,4
eager_full,6,0,42.0,0,0,0,hit,0.6666666666666666,1,4
eager_full,18,3,42.5,2,40,0,hit,0.44999999999999807,1,4
eager_full,2,1,43.0,0,20,20,recompute,1.7916666666666667,1,4
eager_full,21,2,43.5,3,25,24,transfer,1.45,1,4
eager_full,24,0,44.0,1,0,0,hit,0.5833333333333334,1,4
eager_full,30,1,44.5,1,19,0,hit,1.1166666666666718,1,4
eager_full,34,1,44.5,2,23,23,transfer,1.525,1,4
eager_full,33,1,45.0,0,14,14,transfer,1.0333333333333332,1,4
eager_full,14,1,46.0,3,18,17,transfer,1.0166666666666666,1,4
eager_full,15,0,46.0,1,0,0,hit,0.35000000000000614,1,4
eager_full,10,1,47.0,0,13,13,transfer,0.9,1,4
eager_full,32,2,47.0,1,33,33,transfer,1.9833333333333332,1,4
eager_full,11,2,47.5,3,23,22,transfer,1.225,1,4
eager_full,4,2,48.0,0,26,0,hit,0.6666666666666666,1,4
eager_full,1,4,50.5,3,50,49,transfer,2.6583333333333337,0,4
eager_full,9,3,51.0,1,38,36,transfer,2.0083333333333333,0,4
eager_full,27,2,51.5,0,28,28,transfer,1.6083333333333332,1,4
eager_full,18,4,52.5,2,51,0,hit,0.2916666666666667,1,4
eager_full,37,2,52.5,3,32,28,transfer,2.5500000000000007,0,4
eager_full,16,4,53.0,1,42,42,transfer,2.6999999999999966,0,4
eager_full,0,3,53.5,2,38,38,transfer,2.025,0,4
eager_full,12,2,54.0,0,31,31,transfer,1.8,1,4
eager_full,34,2,54.5,2,37,0,hit,2.016666666666668,0,4
eager_full,26,1,55.5,3,20,20,recompute,1.9583333333333335,1,4
eager_full,29,2,56.0,1,26,26,recompute,2.8999999999999986,0,4
eager_full,7,1,56.5,0,19,19,transfer,1.2833333333333332,1,4
eager_full,39,4,57.0,3,51,22,transfer,2.1333333333333386,0,4
eager_full,11,3,57.5,2,29,29,transfer,1.575,1,4
eager_full,5,1,59.0,0,17,17,recompute,1.5833333333333335,1,4
eager_full,13,2,59.5,3,32,31,transfer,1.8,1,4
eager_full,17,0,60.0,1,0,0,hit,0.5833333333333334,1,4
eager_full,31,1,60.0,2,20,20,transfer,1.25,1,4
eager_full,14,2,61.0,0,24,23,transfer,1.3583333333333332,1,4
eager_full,23,2,62.0,3,25,24,transfer,1.4083333333333332,1,4
eager_full,28,2,62.0,1,24,24,recompute,2.1666666666666665,0,4
eager_full,18,5,63.5,2,65,62,transfer,3.3916666666666666,0,4
eager_full,12,3,64.0,0,44,0,hit,0.20833333333333334,1,4
eager_full,2,2,65.0,3,25,24,transfer,1.4916666666666667,1,4
eager_full,8,2,65.5,0,29,29,transfer,1.6583333333333332,1,4
eager_full,16,5,65.5,1,56,0,hit,0.3333333333333333,1,4
eager_full,15,1,67.0,1,11,11,transfer,0.8416666666666668,1,4
eager_full,32,3,68.5,3,48,47,transfer,2.6833333333333336,0,4
eager_full,6,1,69.0,0,18,18,transfer,1.2333333333333334,1,4
eager_full,34,3,69.0,2,48,26,transfer,1.675,1,4
eager_full,5,2,69.5,1,25,25,transfer,1.5833333333333333,1,4
eager_full,19,2,69.5,0,26,26,transfer,2.966666666666662,0,4
eager_full,10,2,70.0,2,25,25,transfer,2.4916666666666694,0,4
eager_full,17,1,70.0,1,17,10,transfer,2.2333333333333343,0,4
eager_full,31,2,70.0,2,29,0,hit,2.8583333333333436,0,4
eager_full,7,2,72.0,3,30,29,transfer,1.7416666666666667,1,4
eager_full,23,3,72.0,3,37,0,hit,2.166666666666657,0,4
eager_full,36,1,72.0,1,17,4,transfer,1.1666666666666732,1,4
eager_full,22,0,73.5,0,0,0,hit,0.5,1,4
eager_full,4,3,74.0,1,35,35,transfer,1.875,1,4
eager_full,3,1,78.0,0,13,13,recompute,1.2916666666666665,1,4
eager_full,6,2,79.0,0,32,0,hit,0.9666666666666686,1,4
eager_full,34,4,79.0,2,61,0,hit,0.20833333333333334,1,4
eager_full,18,6,80.5,0,74,74,recompute,6.541666666666667,0,4
eager_full,32,4,81.5,3,59,39,transfer,2.325,0,4
eager_full,17,2,82.0,1,27,0,hit,0.16666666666666666,1,4
eager_full,36,2,82.5,1,31,0,hit,0.5000000000000047,1,4
eager_full,8,3,83.5,1,37,37,transfer,2.1416666666666666,0,4
eager_full,7,3,85.5,3,40,11,transfer,0.8833333333333333,1,4
eager_full,30,2,85.5,2,31,31,transfer,1.8,1,4
eager_full,33,2,86.0,1,24,24,transfer,1.45,1,4
eager_full,21,3,86.5,3,34,33,transfer,2.083333333333337,0,4
eager_full,14,3,87.0,0,33,33,recompute,3.425000000000002,0,4
eager_full,3,2,88.0,2,21,21,transfer,1.2166666666666668,1,4
eager_full,39,5,88.5,2,62,18,transfer,2.3500000000000076,0,4
eager_full,34,5,89.0,2,72,0,hit,2.8000000000000114,0,4
eager_full,22,1,90.0,1,14,14,transfer,0.825,1,4
eager_full,2,3,90.5,3,38,38,recompute,3.333333333333333,0,4
eager_full,29,3,90.5,0,38,38,transfer,2.4916666666666636,0,4
eager_full,23,4,91.0,1,45,45,transfer,3.066666666666672,0,4
eager_full,26,2,91.5,2,29,29,transfer,2.458333333333345,0,4
eager_full,32,5,91.5,3,70,40,transfer,5.108333333333334,0,4
eager_full,12,4,92.5,0,51,51,recompute,5.333333333333324,0,4
eager_full,36,3,92.5,1,44,0,hit,2.3583333333333436,0,4
eager_full,38,0,92.5,2,0,0,hit,2.433333333333337,0,4
eager_full,15,2,94.5,1,22,22,transfer,2.0333333333333514,0,4
eager_full,10,3,95.0,2,31,31,transfer,2.075000000000001,0,4
eager_full,31,3,95.0,3,38,37,transfer,3.908333333333337,0,4
eager_full,7,4,95.5,1,51,51,transfer,4.391666666666673,0,4
eager_full,27,3,96.0,2,40,40,transfer,3.6000000000000085,0,4
eager_full,14,4,97.0,0,46,0,hit,1.4416666666666675,1,4
eager_full,39,6,98.5,0,77,77,transfer,4.358333333333335,0,4
eager_full,34,6,99.5,2,83,0,hit,0.5666666666666723,1,4
eager_full,11,4,100.0,3,35,34,transfer,2.075,0,4
eager_full,29,4,100.5,1,45,45,transfer,2.5416666666666665,0,4
eager_full,24,1,101.5,2,21,21,transfer,1.3,1,4
eager_full,28,3,102.5,3,34,33,transfer,1.8500000000000028,1,4
eager_full,5,3,103.0,0,37,37,transfer,2.541666666666668,0,4
eager_full,21,4,104.0,1,47,47,recompute,4.208333333333333,0,4
eager_full,15,3,104.5,2,37,37,transfer,1.975,1,4
eager_full,7,5,105.5,3,62,62,transfer,3.225,0,4
eager_full,2,4,106.0,0,46,46,transfer,2.8750000000000075,0,4
eager_full,3,3,106.0,2,29,29,recompute,3.3416666666666637,0,4
eager_full,31,4,108.0,3,48,7,transfer,2.008333333333322,0,4
eager_full,33,3,108.5,1,36,36,recompute,3.4749999999999894,0,4
eager_full,22,2,110.5,3,24,23,transfer,1.3166666666666667,1,4
eager_full,26,3,110.5,0,40,40,transfer,2.3333333333333335,0,4
eager_full,14,5,113.5,0,55,55,recompute,4.791666666666666,0,4
eager_full,24,2,114.5,2,34,8,transfer,0.775,1,4
eager_full,8,4,115.0,1,46,46,recompute,4.041666666666667,0,4
eager_full,3,4,116.0,2,38,0,hit,0.20833333333333334,1,4
eager_full,6,3,116.0,3,46,45,transfer,2.375,0,4
eager_full,10,4,118.0,2,42,42,transfer,2.3083333333333336,0,4
eager_full,26,4,123.5,0,54,0,hit,0.375,1,4
eager_full,24,3,124.5,2,49,12,transfer,0.725,1,4
eager_full,38,1,124.5,1,12,0,hit,0.16666666666666666,1,4
eager_full,7,6,126.0,3,71,52,transfer,2.8916666666666666,0,4
eager_full,5,4,129.5,3,52,51,transfer,2.8,0,4
eager_full,3,5,130.5,0,49,49,transfer,2.575,0,4
eager_full,8,5,135.5,1,55,0,hit,0.375,1,4
eager_full,6,4,136.0,0,51,51,recompute,4.541666666666667,0,4
eager_full,21,5,136.5,1,60,60,recompute,5.291666666666667,0,4
eager_full,31,5,137.5,2,58,0,hit,0.375,1,4
eager_full,24,4,142.0,2,56,23,transfer,1.525,1,4
eager_full,38,2,146.0,0,18,0,hit,0.3333333333333333,1,4
eager_full,26,5,146.5,0,66,20,transfer,1.6083333333333485,1,4
eager_full,31,6,147.5,2,73,0,hit,0.20833333333333334,1,4
eager_full,5,5,149.0,3,63,0,hit,0.16666666666666666,1,4
eager_full,3,6,151.0,3,54,53,transfer,2.775,0,4
eager_full,10,5,151.5,0,49,49,transfer,2.6166666666666667,0,4
eager_full,12,5,152.5,1,62,62,transfer,3.3083333333333336,0,4
eager_full,6,5,154.5,0,62,37,transfer,2.3749999999999964,0,4
eager_full,8,6,154.5,1,66,0,hit,1.7999999999999925,1,4
eager_full,21,6,156.0,1,74,0,hit,0.8333333333333048,1,4
eager_full,27,4,156.0,3,46,30,transfer,1.8333333333333333,1,4
eager_full,38,3,161.5,2,30,0,hit,0.125,1,4
eager_full,27,5,166.0,3,61,0,hit,0.3333333333333333,1,4
eager_full,14,6,173.5,3,66,65,transfer,3.5,0,4
eager_full,38,4,173.5,1,39,0,hit,0.20833333333333334,1,4
eager_full,10,6,179.5,0,60,0,hit,0.3333333333333333,1,4
eager_full,26,6,185.0,3,79,78,transfer,4.108333333333333,0,4
eager_full,27,6,188.0,2,71,23,transfer,1.4416666666666667,1,4
eager_full,38,5,192.5,1,51,0,hit,0.125,1,4
eager_full,38,6,202.5,1,60,0,hit,0.3333333333333333,1,4
repkv,31,0,0.0,0,0,0,hit,0.5833333333333334,1,4
repkv,37,0,1.0,1,0,0,hit,0.6666666666666666,1,4
repkv,13,0,1.5,0,0,0,hit,0.4583333333333333,1,4
repkv,18,0,1.5,2,0,0,hit,0.4583333333333333,1,4
repkv,1,0,2.0,3,0,0,hit,0.5416666666666666,1,4
repkv,16,0,2.0,1,0,0,hit,0.5249999999999997,1,4
repkv,21,0,2.5,0,0,0,hit,0.4333333333333331,1,4
repkv,11,0,3.5,1,0,0,hit,0.3333333333333333,1,4
repkv,39,0,3.5,2,0,0,hit,0.5,1,4
repkv,0,0,7.0,0,0,0,hit,0.5833333333333334,1,4
repkv,9,0,7.5,1,0,0,hit,0.4583333333333333,1,4
repkv,5,0,10.0,0,0,0,hit,0.5833333333333334,1,4
repkv,27,0,10.5,1,0,0,hit,0.4166666666666667,1,4
repkv,2,0,11.5,0,0,0,hit,0.5416666666666666,1,4
repkv,20,0,11.5,2,0,0,hit,0.375,1,4
repkv,37,1,11.5,1,20,0,hit,0.32499999999999873,1,4
repkv,13,1,12.0,0,17,0,hit,1.0749999999999986,1,4
repkv,25,0,13.5,1,0,0,hit,0.3333333333333333,1,4
repkv,39,1,13.5,2,18,0,hit,0.20833333333333334,1,4
repkv,16,1,14.0,1,14,0,hit,0.7833333333333332,1,4
repkv,23,0,14.0,0,0,0,hit,0.5416666666666666,1,4
repkv,28,0,14.5,2,0,0,hit,0.4583333333333333,1,4
repkv,29,0,15.0,0,0,0,hit,0.5,1,4
repkv,32,0,15.0,3,0,0,hit,0.5416666666666666,1,4
repkv,1,1,15.5,3,20,0,hit,0.8083333333333323,1,4
repkv,0,1,17.0,0,19,0,hit,0.375,1,4
repkv,33,0,17.0,1,0,0,hit,0.375,1,4
repkv,9,1,17.5,1,18,0,hit,0.625,1,4
repkv,35,0,18.0,0,0,0,hit,0.3333333333333333,1,4
repkv,12,0,18.5,2,0,0,hit,0.3333333333333333,1,4
repkv,34,0,18.5,3,0,0,hit,0.6666666666666666,1,4
repkv,4,0,21.0,0,0,0,hit,0.5833333333333334,1,4
repkv,20,1,21.5,2,14,0,hit,0.16666666666666666,1,4
repkv,18,1,22.5,2,17,0,hit,0.16666666666666666,1,4
repkv,3,0,23.0,0,0,0,hit,0.375,1,4
repkv,14,0,23.5,1,0,0,hit,0.4583333333333333,1,4
repkv,29,1,25.0,0,14,0,hit,0.375,1,4
repkv,32,1,25.0,3,19,0,hit,0.2916666666666667,1,4
repkv,1,2,25.5,3,29,0,hit,0.7000000000000005,1,4
repkv,16,2,25.5,1,26,0,hit,0.25,1,4
repkv,23,1,26.5,0,15,0,hit,0.2916666666666667,1,4
repkv,0,2,27.0,0,30,0,hit,0.30000000000000193,1,4
repkv,39,2,27.5,2,26,0,hit,0.16666666666666666,1,4
repkv,25,1,28.0,1,15,0,hit,0.3333333333333333,1,4
repkv,35,1,28.0,0,13,0,hit,0.3333333333333333,1,4
repkv,12,1,28.5,2,15,0,hit,0.375,1,4
repkv,19,0,30.5,0,0,0,hit,0.4166666666666667,1,4
repkv,8,0,31.0,1,0,0,hit,0.625,1,4
repkv,20,2,31.5,2,21,0,hit,0.25,1,4
repkv,26,0,31.5,3,0,0,hit,0.625,1,4
repkv,7,0,32.0,0,0,0,hit,0.5416666666666666,1,4
repkv,10,0,32.0,2,0,0,hit,0.375,1,4
repkv,18,2,32.5,2,27,0,hit,0.5249999999999986,1,4
repkv,30,0,33.0,1,0,0,hit,0.625,1,4
repkv,21,1,33.5,0,15,0,hit,0.25,1,4
repkv,1,3,35.5,3,40,0,hit,0.20833333333333334,1,4
repkv,16,3,35.5,1,34,0,hit,0.16666666666666666,1,4
repkv,36,0,36.0,0,0,0,hit,0.5,1,4
repkv,4,1,37.0,0,17,0,hit,0.20833333333333334,1,4
repkv,28,1,37.0,2,14,0,hit,0.2916666666666667,1,4
repkv,9,2,37.5,1,29,0,hit,0.20833333333333334,1,4
repkv,11,1,37.5,3,13,13,recompute,1.4166666666666665,1,4
repkv,35,2,38.0,0,25,0,hit,0.125,1,4
repkv,27,1,39.5,1,17,0,hit,0.2916666666666667,1,4
repkv,39,3,39.5,2,37,0,hit,0.2916666666666667,1,4
repkv,25,2,40.0,1,30,0,hit,0.39999999999999625,1,4
repkv,19,1,40.5,0,16,0,hit,0.20833333333333334,1,4
repkv,8,1,41.0,1,20,0,hit,0.16666666666666666,1,4
repkv,20,3,41.5,2,29,10,transfer,0.8333333333333333,1,4
repkv,6,0,42.0,0,0,0,hit,0.6666666666666666,1,4
repkv,18,3,42.5,2,40,0,hit,0.2999999999999995,1,4
repkv,2,1,43.0,0,20,20,recompute,1.7916666666666667,1,4
repkv,21,2,43.5,1,25,25,transfer,1.5,1,4
repkv,24,0,44.0,2,0,0,hit,0.5833333333333334,1,4
repkv,30,1,44.5,3,19,19,recompute,1.9166666666666665,1,4
repkv,34,1,44.5,0,23,23,transfer,2.016666666666667,0,4
repkv,33,1,45.0,2,14,14,recompute,1.7833333333333385,1,4
repkv,14,1,46.0,1,18,10,transfer,0.6666666666666666,1,4
repkv,15,0,46.0,3,0,0,hit,1.1499999999999961,1,4
repkv,10,1,47.0,2,13,0,hit,0.25,1,4
repkv,32,2,47.0,3,33,0,hit,0.783333333333329,1,4
repkv,11,2,47.5,3,23,2,transfer,1.2083333333333344,1,4
repkv,4,2,48.0,0,26,0,hit,0.16666666666666666,1,4
repkv,1,4,50.5,3,50,16,transfer,1.0083333333333333,1,4
repkv,9,3,51.0,1,38,0,hit,0.20833333333333334,1,4
repkv,27,2,51.5,1,28,0,hit,0.2166666666666662,1,4
repkv,18,4,52.5,2,51,0,hit,0.2916666666666667,1,4
repkv,37,2,52.5,3,32,31,transfer,1.8416666666666668,1,4
repkv,16,4,53.0,1,42,24,transfer,1.4916666666666667,1,4
repkv,0,3,53.5,0,38,0,hit,0.125,1,4
repkv,12,2,54.0,2,31,11,transfer,0.8,1,4
repkv,34,2,54.5,0,37,0,hit,0.2916666666666667,1,4
repkv,26,1,55.5,3,20,0,hit,0.2916666666666667,1,4
repkv,29,2,56.0,0,26,10,transfer,0.8333333333333333,1,4
repkv,7,1,56.5,2,19,18,transfer,1.2333333333333334,1,4
repkv,39,4,57.0,2,51,16,transfer,2.2083333333333313,0,4
repkv,11,3,57.5,3,29,0,hit,0.125,1,4
repkv,5,1,59.0,0,17,17,recompute,1.5833333333333335,1,4
repkv,13,2,59.5,3,32,31,transfer,1.8,1,4
repkv,17,0,60.0,1,0,0,hit,0.5833333333333334,1,4
repkv,31,1,60.0,2,20,20,recompute,1.9166666666666667,1,4
repkv,14,2,61.0,1,24,0,hit,0.20833333333333334,1,4
repkv,23,2,62.0,3,25,24,transfer,1.4083333333333332,1,4
repkv,28,2,62.0,0,24,24,transfer,1.3666666666666667,1,4
repkv,18,5,63.5,2,65,34,transfer,1.9916666666666667,1,4
repkv,12,3,64.0,2,44,0,hit,1.8999999999999961,1,4
repkv,2,2,65.0,0,25,0,hit,0.2916666666666667,1,4
repkv,8,2,65.5,1,29,10,transfer,0.7083333333333334,1,4
repkv,16,5,65.5,1,56,0,hit,1.341666666666659,1,4
repkv,15,1,67.0,0,11,11,recompute,1.2083333333333333,1,4
repkv,32,3,68.5,3,48,34,transfer,2.033333333333333,0,4
repkv,6,1,69.0,0,18,18,recompute,1.8333333333333333,1,4
repkv,34,3,69.0,1,48,48,transfer,2.775,0,4
repkv,5,2,69.5,2,25,25,transfer,1.5833333333333333,1,4
repkv,19,2,69.5,3,26,26,transfer,2.966666666666662,0,4
repkv,10,2,70.0,0,25,25,transfer,2.8499999999999894,0,4
repkv,17,1,70.0,2,17,17,recompute,3.1500000000000012,0,4
repkv,31,2,70.0,1,29,29,transfer,3.791666666666678,0,4
repkv,7,2,72.0,3,30,23,transfer,2.408333333333335,0,4
repkv,23,3,72.0,3,37,0,hit,2.8333333333333286,0,4
repkv,36,1,72.0,0,17,17,recompute,2.7999999999999976,0,4
repkv,22,0,73.5,2,0,0,hit,0.5500000000000114,1,4
repkv,4,3,74.0,2,35,35,transfer,2.125000000000014,0,4
repkv,3,1,78.0,0,13,13,recompute,1.2916666666666665,1,4
repkv,6,2,79.0,0,32,0,hit,0.9666666666666686,1,4
repkv,34,4,79.0,1,61,0,hit,0.20833333333333334,1,4
repkv,18,6,80.5,2,74,20,transfer,1.375,1,4
repkv,32,4,81.5,3,59,5,transfer,0.625,1,4
repkv,17,2,82.0,2,27,0,hit,0.3416666666666638,1,4
repkv,36,2,82.5,0,31,0,hit,0.3333333333333333,1,4
repkv,8,3,83.5,1,37,27,transfer,1.6416666666666668,1,4
repkv,7,3,85.5,3,40,0,hit,0.3333333333333333,1,4
repkv,30,2,85.5,0,31,31,transfer,1.8,1,4
repkv,33,2,86.0,1,24,24,transfer,1.45,1,4
repkv,21,3,86.5,2,34,34,recompute,3.0833333333333335,0,4
repkv,14,3,87.0,3,33,33,recompute,3.0833333333333335,0,4
repkv,3,2,88.0,0,21,0,hit,0.16666666666666666,1,4
repkv,39,5,88.5,1,62,62,transfer,3.4333333333333336,0,4
repkv,34,5,89.0,0,72,70,transfer,3.75,0,4
repkv,22,1,90.0,2,14,14,recompute,1.5749999999999982,1,4
repkv,2,3,90.5,3,38,38,transfer,2.149999999999995,0,4
repkv,29,3,90.5,0,38,10,transfer,3.4166666666666665,0,4
repkv,23,4,91.0,2,45,41,transfer,3.616666666666672,0,4
repkv,26,2,91.5,1,29,29,transfer,2.7916666666666736,0,4
repkv,32,5,91.5,3,70,13,transfer,2.574999999999997,0,4
repkv,12,4,92.5,0,51,51,transfer,4.558333333333335,0,4
repkv,36,3,92.5,3,44,44,transfer,4.266666666666673,0,4
repkv,38,0,92.5,1,0,0,hit,2.7666666666666657,0,4
repkv,15,2,94.5,2,22,21,transfer,2.041666666666674,0,4
repkv,10,3,95.0,1,31,31,transfer,2.408333333333329,0,4
repkv,31,3,95.0,3,38,34,transfer,3.916666666666683,0,4
repkv,7,4,95.5,2,51,51,recompute,6.099999999999999,0,4
repkv,27,3,96.0,0,40,40,transfer,3.583333333333343,0,4
repkv,14,4,97.0,1,46,46,recompute,4.850000000000004,0,4
repkv,39,6,98.5,3,77,54,transfer,3.683333333333358,0,4
repkv,34,6,99.5,0,83,20,transfer,1.5500000000000067,1,4
repkv,11,4,100.0,0,35,35,transfer,3.7750000000000057,0,4
repkv,29,4,100.5,0,45,0,hit,4.066666666666673,0,4
repkv,24,1,101.5,2,21,21,recompute,2.6999999999999886,0,4
repkv,28,3,102.5,1,34,34,transfer,1.825,1,4
repkv,5,3,103.0,3,37,33,transfer,1.9833333333333332,1,4
repkv,21,4,104.0,2,47,0,hit,1.1916666666666582,1,4
repkv,15,3,104.5,1,37,37,transfer,2.2000000000000086,0,4
repkv,7,5,105.5,2,62,0,hit,0.4166666666666572,1,4
repkv,2,4,106.0,0,46,46,recompute,4.166666666666667,0,4
repkv,3,3,106.0,3,29,29,transfer,1.7,1,4
repkv,31,4,108.0,3,48,0,hit,0.3333333333333333,1,4
repkv,33,3,108.5,2,36,35,transfer,1.9166666666666667,1,4
repkv,22,2,110.5,3,24,23,transfer,1.3166666666666667,1,4
repkv,26,3,110.5,0,40,40,transfer,2.3333333333333335,0,4
repkv,14,5,113.5,1,55,0,hit,0.20833333333333334,1,4
repkv,24,2,114.5,3,34,33,transfer,2.025,0,4
repkv,8,4,115.0,0,46,46,transfer,2.5083333333333333,0,4
repkv,3,4,116.0,3,38,0,hit,1.3333333333333333,1,4
repkv,6,3,116.0,2,46,42,transfer,2.225,0,4
repkv,10,4,118.0,1,42,15,transfer,0.9583333333333334,1,4
repkv,26,4,123.5,0,54,0,hit,0.375,1,4
repkv,24,3,124.5,3,49,2,transfer,0.225,1,4
repkv,38,1,124.5,0,12,12,recompute,1.1666666666666667,1,4
repkv,7,6,126.0,2,71,0,hit,0.2916666666666667,1,4
repkv,5,4,129.5,3,52,35,transfer,2.0,1,4
repkv,3,5,130.5,3,49,0,hit,1.625,1,4
repkv,8,5,135.5,3,55,54,transfer,3.075,0,4
repkv,6,4,136.0,2,51,34,transfer,1.9916666666666667,1,4
repkv,21,5,136.5,0,60,60,transfer,3.2916666666666665,0,4
repkv,31,5,137.5,3,58,31,transfer,3.199999999999977,0,4
repkv,24,4,142.0,3,56,33,transfer,2.025,0,4
repkv,38,2,146.0,0,18,18,recompute,1.8333333333333333,1,4
repkv,26,5,146.5,0,66,20,transfer,3.1083333333333485,0,4
repkv,31,6,147.5,3,73,0,hit,0.20833333333333334,1,4
repkv,5,5,149.0,3,63,42,transfer,2.2666666666666666,0,4
repkv,3,6,151.0,2,54,37,transfer,1.975,1,4
repkv,10,5,151.5,1,49,0,hit,0.16666666666666666,1,4
repkv,12,5,152.5,3,62,61,transfer,3.2583333333333333,0,4
repkv,6,5,154.5,2,62,0,hit,0.20833333333333334,1,4
repkv,8,6,154.5,0,66,66,recompute,5.791666666666667,0,4
repkv,21,6,156.0,3,74,33,transfer,1.9833333333333332,1,4
repkv,27,4,156.0,1,46,46,transfer,2.6333333333333333,0,4
repkv,38,3,161.5,3,30,29,transfer,1.575,1,4
repkv,27,5,166.0,1,61,0,hit,0.3333333333333333,1,4
repkv,14,6,173.5,1,66,35,transfer,2.0,1,4
repkv,38,4,173.5,3,39,0,hit,0.20833333333333334,1,4
repkv,10,6,179.5,3,60,27,transfer,1.6833333333333333,1,4
repkv,26,6,185.0,0,79,33,transfer,1.8583333333333332,1,4
repkv,27,6,188.0,1,71,28,transfer,1.6916666666666667,1,4
repkv,38,5,192.5,3,51,31,transfer,1.675,1,4
repkv,38,6,202.5,3,60,0,hit,0.3333333333333333,1,4
on_demand,7,0,0.5,0,0,0,hit,0.625,1,5
on_demand,29,0,0.5,1,0,0,hit,0.3333333333333333,1,5
on_demand,33,0,0.5,2,0,0,hit,0.5833333333333334,1,5
on_demand,19,0,1.5,1,0,0,hit,0.5416666666666666,1,5
on_demand,20,0,1.5,2,0,0,hit,0.4166666666666667,1,5
on_demand,36,0,1.5,3,0,0,hit,0.5,1,5
on_demand,2,0,2.0,0,0,0,hit,0.5416666666666666,1,5
on_demand,28,0,2.0,3,0,0,hit,0.7416666666666668,1,5
on_demand,22,0,3.0,0,0,0,hit,0.4583333333333333,1,5
on_demand,6,0,4.5,0,0,0,hit,0.625,1,5
on_demand,9,0,5.5,1,0,0,hit,0.625,1,5
on_demand,24,0,5.5,2,0,0,hit,0.375,1,5
on_demand,26,0,5.5,3,0,0,hit,0.6666666666666666,1,5
on_demand,0,0,6.0,0,0,0,hit,0.5416666666666666,1,5
on_demand,32,0,6.0,2,0,0,hit,0.6749999999999998,1,5
on_demand,8,0,8.0,0,0,0,hit,0.5833333333333334,1,5
on_demand,30,0,8.0,1,0,0,hit,0.4583333333333333,1,5
on_demand,37,0,8.0,2,0,0,hit,0.6666666666666666,1,5
on_demand,5,0,8.5,3,0,0,hit,0.5416666666666666,1,5
on_demand,35,0,8.5,1,0,0,hit,0.5916666666666679,1,5
on_demand,3,0,9.5,0,0,0,hit,0.6666666666666666,1,5
on_demand,14,0,10.0,1,0,0,hit,0.375,1,5
on_demand,20,1,11.5,2,13,0,hit,0.20833333333333334,1,5
on_demand,31,0,11.5,0,0,0,hit,0.375,1,5
on_demand,2,1,12.0,0,17,0,hit,0.8249999999999993,1,5
on_demand,7,1,12.0,1,19,19,transfer,1.2416666666666667,1,5
on_demand,38,0,12.0,2,0,0,hit,0.4583333333333333,1,5
on_demand,12,0,13.5,0,0,0,hit,0.5416666666666666,1,5
on_demand,33,1,13.5,2,16,0,hit,0.25,1,5
on_demand,17,0,15.5,0,0,0,hit,0.4166666666666667,1,5
on_demand,24,1,15.5,2,12,0,hit,0.375,1,5
on_demand,39,0,15.5,1,0,0,hit,0.6666666666666666,1,5
on_demand,0,1,16.0,0,20,0,hit,0.849999999999999,1,5
on_demand,18,0,16.0,3,0,0,hit,0.4166666666666667,1,5
on_demand,9,1,16.5,1,17,0,hit,0.16666666666666666,1,5
on_demand,25,0,16.5,2,0,0,hit,0.5833333333333334,1,5
on_demand,10,0,17.0,3,0,0,hit,0.625,1,5
on_demand,22,1,17.0,0,16,0,hit,0.29999999999999716,1,5
on_demand,36,1,17.5,3,14,0,hit,0.875,1,5
on_demand,26,1,19.5,3,21,0,hit,0.2916666666666667,1,5
on_demand,34,0,21.0,0,0,0,hit,0.6666666666666666,1,5
on_demand,7,2,22.0,1,29,0,hit,0.20833333333333334,1,5
on_demand,35,1,22.0,2,11,11,transfer,0.8416666666666668,1,5
on_demand,38,1,22.0,3,14,14,transfer,1.0333333333333332,1,5
on_demand,1,0,22.5,0,0,0,hit,0.5416666666666666,1,5
on_demand,8,1,22.5,0,19,8,transfer,1.3500000000000003,1,5
on_demand,12,1,23.5,1,15,15,transfer,1.0416666666666667,1,5
on_demand,6,1,24.0,2,21,21,recompute,2.0833333333333335,0,5
on_demand,14,1,24.5,0,11,11,transfer,0.675,1,5
on_demand,23,0,24.5,3,0,0,hit,0.5833333333333334,1,5
on_demand,24,2,25.5,2,27,0,hit,1.0499999999999996,1,5
on_demand,28,1,27.5,3,16,0,hit,0.125,1,5
on_demand,29,1,27.5,1,13,1,transfer,0.425,1,5
on_demand,27,0,28.0,0,0,0,hit,0.4583333333333333,1,5
on_demand,4,0,28.5,1,0,0,hit,0.5416666666666666,1,5
on_demand,20,2,28.5,2,20,16,transfer,0.925,1,5
on_demand,25,1,29.5,2,17,0,hit,0.6000000000000014,1,5
on_demand,31,1,29.5,0,16,16,recompute,1.625,1,5
on_demand,16,0,30.0,1,0,0,hit,0.5833333333333334,1,5
on_demand,3,1,30.5,3,19,19,recompute,1.7916666666666665,1,5
on_demand,0,2,31.0,0,30,0,hit,1.0166666666666682,1,5
on_demand,18,1,31.0,1,14,14,transfer,0.9083333333333333,1,5
on_demand,19,1,31.5,2,18,18,recompute,1.7083333333333333,1,5
on_demand,21,0,31.5,0,0,0,hit,1.0916666666666686,1,5
on_demand,10,1,32.0,3,20,0,hit,0.9249999999999947,1,5
on_demand,38,2,32.0,3,27,0,hit,1.5583333333333276,1,5
on_demand,1,1,32.5,0,15,0,hit,0.7416666666666671,1,5
on_demand,26,2,32.5,3,32,0,hit,1.6916666666666604,1,5
on_demand,2,2,33.0,1,26,26,recompute,2.458333333333333,0,5
on_demand,33,2,33.0,2,28,14,transfer,1.9416666666666718,1,5
on_demand,39,1,34.5,0,18,18,recompute,1.875,1,5
on_demand,36,2,35.0,3,22,22,recompute,1.9583333333333333,1,5
on_demand,17,1,36.0,2,16,16,recompute,1.5416666666666665,1,5
on_demand,9,2,36.5,1,28,28,recompute,2.666666666666667,0,5
on_demand,14,2,36.5,0,19,0,hit,0.6666666666666667,1,5
on_demand,28,2,37.5,3,21,11,transfer,0.9583333333333386,1,5
on_demand,16,1,40.0,1,17,0,hit,0.375,1,5
on_demand,3,2,40.5,0,27,27,recompute,2.625,0,5
on_demand,22,2,40.5,2,24,24,recompute,2.1666666666666665,0,5
on_demand,27,1,41.0,1,15,15,recompute,1.5,1,5
on_demand,31,2,41.5,3,29,29,transfer,1.7833333333333332,1,5
on_demand,34,1,42.0,2,23,23,recompute,3.23333333333333,0,5
on_demand,25,2,42.5,1,33,33,transfer,2.6000000000000028,0,5
on_demand,6,2,43.0,3,32,32,recompute,3.400000000000001,0,5
on_demand,1,2,43.5,0,28,0,hit,0.5583333333333347,1,5
on_demand,18,2,43.5,1,24,0,hit,2.0249999999999986,0,5
on_demand,12,2,44.5,0,29,29,recompute,2.708333333333333,0,5
on_demand,5,1,45.0,2,20,20,recompute,2.6749999999999927,0,5
on_demand,15,0,45.5,1,0,0,hit,1.066666666666665,1,5
on_demand,9,3,46.5,1,42,20,transfer,1.7583333333333282,1,5
on_demand,21,1,46.5,3,13,13,transfer,1.0999999999999956,1,5
on_demand,17,2,47.0,2,26,0,hit,1.266666666666654,1,5
on_demand,14,3,47.5,0,31,0,hit,0.47500000000000375,1,5
on_demand,37,1,48.0,3,18,18,recompute,1.75,1,5
on_demand,0,3,48.5,0,39,39,recompute,3.4166666666666665,0,5
on_demand,23,1,48.5,1,19,19,recompute,2.1166666666666574,0,5
on_demand,24,3,49.5,2,34,34,recompute,3.166666666666667,0,5
on_demand,4,1,50.5,3,19,19,recompute,1.8333333333333333,1,5
on_demand,30,1,51.0,1,14,14,recompute,1.49166666666666,1,5
on_demand,25,3,52.5,1,42,0,hit,0.5249999999999961,1,5
on_demand,35,2,52.5,0,24,24,recompute,2.1666666666666665,0,5
on_demand,34,2,53.0,2,33,0,hit,0.49166666666666714,1,5
on_demand,36,3,54.5,1,32,32,recompute,2.7916666666666665,0,5
on_demand,18,3,55.0,2,32,32,recompute,2.9166666666666665,0,5
on_demand,22,3,56.0,0,32,32,recompute,2.958333333333333,0,5
on_demand,9,4,56.5,1,53,24,transfer,2.8666666666666645,0,5
on_demand,2,3,57.0,3,39,39,recompute,3.4583333333333335,0,5
on_demand,13,0,58.0,2,0,0,hit,1.0999999999999992,1,5
on_demand,15,1,58.0,0,17,17,recompute,3.100000000000004,0,5
on_demand,20,3,59.0,2,26,26,recompute,3.1750000000000043,0,5
on_demand,23,2,59.5,1,33,0,hit,0.8000000000000018,1,5
on_demand,8,2,60.0,1,29,29,recompute,3.691666666666672,0,5
on_demand,31,3,60.5,3,39,0,hit,0.6250000000000023,1,5
on_demand,32,1,60.5,3,17,17,recompute,2.850000000000002,0,5
on_demand,29,2,61.0,0,27,27,recompute,3.4250000000000043,0,5
on_demand,30,2,61.0,2,21,21,recompute,3.733333333333339,0,5
on_demand,35,3,62.5,0,35,0,hit,2.433333333333342,0,5
on_demand,24,4,63.5,2,49,11,transfer,2.4750000000000063,0,5
on_demand,12,3,64.0,1,42,42,recompute,3.7916666666666665,0,5
on_demand,22,4,66.0,0,45,10,transfer,0.8333333333333333,1,5
on_demand,36,4,68.0,1,40,16,transfer,1.0583333333333353,1,5
on_demand,10,2,68.5,0,31,31,recompute,2.9583333333333335,0,5
on_demand,20,4,69.0,2,37,0,hit,0.20833333333333334,1,5
on_demand,23,3,69.5,1,47,30,transfer,1.625,1,5
on_demand,1,3,70.0,2,39,39,recompute,3.5416666666666665,0,5
on_demand,15,2,70.0,3,27,27,transfer,1.5166666666666668,1,5
on_demand,28,3,70.0,1,33,33,recompute,4.200000000000003,0,5
on_demand,0,4,71.5,0,48,48,recompute,4.533333333333331,0,5
on_demand,34,3,72.0,3,40,40,recompute,3.5833333333333335,0,5
on_demand,39,2,73.0,2,32,32,recompute,3.7000000000000073,0,5
on_demand,19,2,73.5,1,30,30,recompute,3.5250000000000057,0,5
on_demand,12,4,74.0,1,52,0,hit,4.0166666666666755,0,5
on_demand,35,4,74.5,0,44,0,hit,1.9416666666666675,1,5
on_demand,2,4,76.5,3,49,28,transfer,1.7333333333333332,1,5
on_demand,8,3,78.5,0,41,41,recompute,3.625,0,5
on_demand,31,4,79.0,1,49,49,recompute,4.375,0,5
on_demand,0,5,81.5,0,59,0,hit,1.2916666666666667,1,5
on_demand,7,3,81.5,2,39,39,recompute,3.5416666666666665,0,5
on_demand,25,4,82.0,3,55,55,recompute,4.916666666666666,0,5
on_demand,34,4,82.0,0,51,51,transfer,3.850000000000002,0,5
on_demand,1,4,83.5,2,48,0,hit,2.2333333333333436,0,5
on_demand,35,5,84.5,1,54,54,transfer,2.9083333333333337,0,5
on_demand,27,2,86.5,0,28,28,recompute,2.625,0,5
on_demand,36,5,86.5,2,46,46,recompute,4.166666666666667,0,5
on_demand,29,3,88.0,1,39,39,recompute,3.625,0,5
on_demand,12,5,88.5,3,62,62,transfer,3.2666666666666666,0,5
on_demand,0,6,92.0,0,66,0,hit,0.16666666666666666,1,5
on_demand,4,2,93.0,0,29,29,recompute,2.625,0,5
on_demand,1,5,93.5,2,58,0,hit,0.375,1,5
on_demand,16,2,93.5,1,32,32,recompute,3.0,0,5
on_demand,15,3,95.5,2,33,33,recompute,3.0,0,5
on_demand,37,2,95.5,3,30,30,recompute,2.7916666666666665,0,5
on_demand,27,3,97.5,0,37,0,hit,0.375,1,5
on_demand,21,2,99.5,0,21,21,recompute,2.0416666666666665,0,5
on_demand,29,4,102.0,1,51,0,hit,0.25,1,5
on_demand,10,3,102.5,0,42,42,recompute,3.8333333333333335,0,5
on_demand,11,0,102.5,2,0,0,hit,0.625,1,5
on_demand,2,5,103.0,1,59,59,recompute,5.083333333333334,0,5
on_demand,32,2,103.0,3,26,26,recompute,2.4166666666666665,0,5
on_demand,16,3,103.5,2,42,42,transfer,2.225,0,5
on_demand,23,4,104.5,3,52,52,recompute,5.925000000000002,0,5
on_demand,30,3,104.5,2,30,30,recompute,4.474999999999994,0,5
on_demand,5,2,105.0,0,32,32,recompute,4.708333333333328,0,5
on_demand,1,6,105.5,2,72,0,hit,4.066666666666658,0,5
on_demand,37,3,105.5,1,41,41,transfer,5.141666666666659,0,5
on_demand,35,6,108.5,2,64,64,transfer,5.041666666666669,0,5
on_demand,29,5,112.0,1,61,0,hit,0.125,1,5
on_demand,11,1,113.0,0,18,18,recompute,1.875,1,5
on_demand,16,4,113.5,1,50,50,recompute,4.291666666666667,0,5
on_demand,21,3,114.0,0,30,0,hit,1.2999999999999972,1,5
on_demand,27,4,114.0,0,48,0,hit,1.75,1,5
on_demand,25,5,115.0,2,69,69,recompute,5.875,0,5
on_demand,15,4,116.0,3,46,46,recompute,4.125,0,5
on_demand,23,5,116.0,0,68,68,transfer,3.824999999999997,0,5
on_demand,2,6,117.0,1,66,65,transfer,4.750000000000004,0,5
on_demand,13,1,117.0,0,21,21,recompute,5.400000000000006,0,5
on_demand,10,4,117.5,3,55,55,recompute,7.958333333333333,0,5
on_demand,30,4,118.0,2,39,17,transfer,4.258333333333336,0,5
on_demand,5,3,122.0,1,41,41,recompute,3.63333333333333,0,5
on_demand,32,3,122.5,2,35,35,transfer,2.4166666666666763,0,5
on_demand,11,2,123.0,0,30,26,transfer,1.6916666666666753,1,5
on_demand,25,6,126.0,2,74,0,hit,0.125,1,5
on_demand,16,5,127.5,1,58,0,hit,0.20833333333333334,1,5
on_demand,7,4,132.0,0,50,50,recompute,4.375,0,5
on_demand,13,2,133.0,1,31,31,transfer,1.8833333333333333,1,5
on_demand,29,6,134.0,2,67,67,recompute,5.916666666666666,0,5
on_demand,10,5,134.5,3,65,0,hit,0.2916666666666667,1,5
on_demand,5,4,136.5,1,48,0,hit,0.3333333333333333,1,5
on_demand,15,5,136.5,3,58,17,transfer,1.0583333333333333,1,5
on_demand,23,6,137.0,0,84,31,transfer,1.8,1,5
on_demand,7,5,142.0,0,57,26,transfer,1.5916666666666668,1,5
on_demand,13,3,143.0,1,45,0,hit,0.20833333333333334,1,5
on_demand,21,4,143.0,2,35,35,recompute,3.25,0,5
on_demand,10,6,144.5,3,74,2,transfer,0.475,1,5
on_demand,7,6,152.0,0,68,0,hit,0.3333333333333333,1,5
on_demand,11,3,155.0,0,39,39,recompute,3.4583333333333335,0,5
on_demand,32,4,156.0,1,46,46,recompute,4.208333333333334,0,5
on_demand,21,5,157.0,2,47,0,hit,0.20833333333333334,1,5
eager_full,7,0,0.5,0,0,0,hit,0.625,1,5
eager_full,29,0,0.5,1,0,0,hit,0.3333333333333333,1,5
eager_full,33,0,0.5,2,0,0,hit,0.5833333333333334,1,5
eager_full,19,0,1.5,1,0,0,hit,0.5416666666666666,1,5
eager_full,20,0,1.5,2,0,0,hit,0.4166666666666667,1,5
eager_full,36,0,1.5,3,0,0,hit,0.5,1,5
eager_full,2,0,2.0,0,0,0,hit,0.5416666666666666,1,5
eager_full,28,0,2.0,3,0,0,hit,0.7416666666666668,1,5
eager_full,22,0,3.0,0,0,0,hit,0.4583333333333333,1,5
eager_full,6,0,4.5,0,0,0,hit,0.625,1,5
eager_full,9,0,5.5,1,0,0,hit,0.625,1,5
eager_full,24,0,5.5,2,0,0,hit,0.375,1,5
eager_full,26,0,5.5,3,0,0,hit,0.6666666666666666,1,5
eager_full,0,0,6.0,0,0,0,hit,0.5416666666666666,1,5
eager_full,32,0,6.0,2,0,0,hit,0.6749999999999998,1,5
eager_full,8,0,8.0,0,0,0,hit,0.5833333333333334,1,5
eager_full,30,0,8.0,1,0,0,hit,0.4583333333333333,1,5
eager_full,37,0,8.0,2,0,0,hit,0.6666666666666666,1,5
eager_full,5,0,8.5,3,0,0,hit,0.5416666666666666,1,5
eager_full,35,0,8.5,1,0,0,hit,0.5916666666666679,1,5
eager_full,3,0,9.5,0,0,0,hit,0.6666666666666666,1,5
eager_full,14,0,10.0,1,0,0,hit,0.375,1,5
eager_full,20,1,11.5,2,13,0,hit,0.20833333333333334,1,5
eager_full,31,0,11.5,0,0,0,hit,0.375,1,5
eager_full,2,1,12.0,0,17,0,hit,0.8249999999999993,1,5
eager_full,7,1,12.0,1,19,19,transfer,1.2416666666666667,1,5
eager_full,38,0,12.0,2,0,0,hit,0.4583333333333333,1,5
eager_full,12,0,13.5,0,0,0,hit,0.5416666666666666,1,5
eager_full,33,1,13.5,2,16,0,hit,0.25,1,5
eager_full,17,0,15.5,0,0,0,hit,0.4166666666666667,1,5
eager_full,24,1,15.5,2,12,0,hit,0.375,1,5
eager_full,39,0,15.5,1,0,0,hit,0.6666666666666666,1,5
eager_full,0,1,16.0,0,20,0,hit,0.849999999999999,1,5
eager_full,18,0,16.0,3,0,0,hit,0.4166666666666667,1,5
eager_full,9,1,16.5,1,17,0,hit,0.16666666666666666,1,5
eager_full,25,0,16.5,2,0,0,hit,0.5833333333333334,1,5
eager_full,10,0,17.0,3,0,0,hit,0.625,1,5
eager_full,22,1,17.0,0,16,8,transfer,0.6999999999999972,1,5
eager_full,36,1,17.5,1,14,0,hit,0.25,1,5
eager_full,26,1,19.5,3,21,0,hit,0.2916666666666667,1,5
eager_full,34,0,21.0,0,0,0,hit,0.6666666666666666,1,5
eager_full,7,2,22.0,1,29,0,hit,0.20833333333333334,1,5
eager_full,35,1,22.0,2,11,0,hit,0.2916666666666667,1,5
eager_full,38,1,22.0,3,14,0,hit,0.3333333333333333,1,5
eager_full,1,0,22.5,0,0,0,hit,0.5416666666666666,1,5
eager_full,8,1,22.5,1,19,19,transfer,1.3666666666666654,1,5
eager_full,12,1,23.5,0,15,0,hit,0.2916666666666667,1,5
eager_full,6,1,24.0,3,21,20,transfer,1.3333333333333333,1,5
eager_full,14,1,24.5,1,11,0,hit,0.125,1,5
eager_full,23,0,24.5,0,0,0,hit,0.5833333333333334,1,5
eager_full,24,2,25.5,2,27,0,hit,0.16666666666666666,1,5
eager_full,28,1,27.5,3,16,15,transfer,0.875,1,5
eager_full,29,1,27.5,0,13,13,transfer,1.025,1,5
eager_full,27,0,28.0,1,0,0,hit,0.4583333333333333,1,5
eager_full,4,0,28.5,2,0,0,hit,0.5416666666666666,1,5
eager_full,20,2,28.5,3,20,20,transfer,1.1999999999999993,1,5
eager_full,25,1,29.5,2,17,0,hit,0.5166666666666693,1,5
eager_full,31,1,29.5,0,16,16,transfer,1.0916666666666668,1,5
eager_full,16,0,30.0,1,0,0,hit,0.5833333333333334,1,5
eager_full,3,1,30.5,3,19,18,transfer,1.1083333333333334,1,5
eager_full,0,2,31.0,0,30,8,transfer,0.8833333333333366,1,5
eager_full,18,1,31.0,1,14,14,recompute,1.375,1,5
eager_full,19,1,31.5,2,18,18,transfer,1.1083333333333334,1,5
eager_full,21,0,31.5,3,0,0,hit,0.783333333333335,1,5
eager_full,10,1,32.0,0,20,20,transfer,1.416666666666669,1,5
eager_full,38,2,32.0,3,27,0,hit,1.0166666666666633,1,5
eager_full,1,1,32.5,1,15,15,transfer,1.375,1,5
eager_full,26,2,32.5,3,32,23,transfer,2.2999999999999963,0,5
eager_full,2,2,33.0,2,26,26,transfer,1.900000000000004,1,5
eager_full,33,2,33.0,0,28,28,transfer,2.450000000000002,0,5
eager_full,39,1,34.5,3,18,0,hit,0.875,1,5
eager_full,36,2,35.0,1,22,13,transfer,0.775,1,5
eager_full,17,1,36.0,3,16,15,transfer,0.9583333333333334,1,5
eager_full,9,2,36.5,0,28,28,recompute,2.666666666666667,0,5
eager_full,14,2,36.5,1,19,0,hit,0.2916666666666667,1,5
eager_full,28,2,37.5,1,21,21,recompute,2.0,1,5
eager_full,16,1,40.0,1,17,0,hit,0.4750000000000014,1,5
eager_full,3,2,40.5,3,27,26,transfer,1.675,1,5
eager_full,22,2,40.5,0,24,24,recompute,2.1666666666666665,0,5
eager_full,27,1,41.0,1,15,0,hit,0.32500000000000284,1,5
eager_full,31,2,41.5,2,29,29,transfer,1.7833333333333332,1,5
eager_full,34,1,42.0,3,23,5,transfer,1.2749999999999986,1,5
eager_full,25,2,42.5,2,33,0,hit,1.2333333333333343,1,5
eager_full,6,2,43.0,1,32,32,transfer,1.85,1,5
eager_full,1,2,43.5,0,28,28,transfer,1.7333333333333332,1,5
eager_full,18,2,43.5,3,24,24,recompute,2.299999999999997,0,5
eager_full,12,2,44.5,2,29,29,transfer,1.7416666666666667,1,5
eager_full,5,1,45.0,1,20,20,transfer,1.5249999999999986,1,5
eager_full,15,0,45.5,0,0,0,hit,0.5749999999999981,1,5
eager_full,9,3,46.5,0,42,0,hit,0.2916666666666667,1,5
eager_full,21,1,46.5,3,13,12,transfer,0.85,1,5
eager_full,17,2,47.0,3,26,0,hit,0.841666666666671,1,5
eager_full,14,3,47.5,1,31,17,transfer,1.0166666666666666,1,5
eager_full,37,1,48.0,2,18,0,hit,0.25,1,5
eager_full,0,3,48.5,3,39,38,transfer,2.108333333333338,0,5
eager_full,23,1,48.5,0,19,19,transfer,1.325,1,5
eager_full,24,3,49.5,1,34,34,transfer,2.033333333333333,0,5
eager_full,4,1,50.5,0,19,19,transfer,1.2,1,5
eager_full,30,1,51.0,2,14,14,transfer,0.9083333333333333,1,5
eager_full,25,3,52.5,2,42,0,hit,0.3333333333333333,1,5
eager_full,35,2,52.5,3,24,23,transfer,1.3166666666666667,1,5
eager_full,34,2,53.0,0,33,33,transfer,1.775,1,5
eager_full,36,3,54.5,3,32,0,hit,0.14166666666667282,1,5
eager_full,18,3,55.0,1,32,32,recompute,2.9166666666666665,0,5
eager_full,22,3,56.0,3,32,31,transfer,1.8416666666666668,1,5
eager_full,9,4,56.5,0,53,0,hit,0.375,1,5
eager_full,2,3,57.0,2,39,39,transfer,2.158333333333333,0,5
eager_full,13,0,58.0,0,0,0,hit,0.5833333333333334,1,5
eager_full,15,1,58.0,3,17,16,transfer,1.36666666666667,1,5
eager_full,20,3,59.0,1,26,26,recompute,2.375,0,5
eager_full,23,2,59.5,0,33,33,recompute,3.0833333333333335,0,5
eager_full,8,2,60.0,2,29,29,transfer,1.825,1,5
eager_full,31,3,60.5,3,39,39,recompute,3.4166666666666665,0,5
eager_full,32,1,60.5,1,17,17,transfer,2.533333333333335,0,5
eager_full,29,2,61.0,2,27,27,transfer,2.85,0,5
eager_full,30,2,61.0,2,21,0,hit,3.358333333333339,0,5
eager_full,35,3,62.5,3,35,6,transfer,2.524999999999999,0,5
eager_full,24,4,63.5,1,49,0,hit,0.2916666666666667,1,5
eager_full,12,3,64.0,0,42,42,transfer,2.3916666666666666,0,5
eager_full,22,4,66.0,3,45,23,transfer,1.4833333333333332,1,5
eager_full,36,4,68.0,2,40,38,transfer,2.0666666666666664,0,5
eager_full,10,2,68.5,0,31,31,recompute,2.9583333333333335,0,5
eager_full,20,4,69.0,1,37,0,hit,0.20833333333333334,1,5
eager_full,23,3,69.5,0,47,0,hit,2.2833333333333314,0,5
eager_full,1,3,70.0,3,39,38,transfer,2.1916666666666664,0,5
eager_full,15,2,70.0,1,27,27,recompute,2.4166666666666665,0,5
eager_full,28,3,70.0,2,33,33,transfer,2.0416666666666656,0,5
eager_full,0,4,71.5,0,48,48,recompute,4.858333333333334,0,5
eager_full,34,3,72.0,2,40,40,transfer,2.4916666666666742,0,5
eager_full,39,2,73.0,3,32,9,transfer,0.7416666666666667,1,5
eager_full,19,2,73.5,1,30,30,transfer,1.625,1,5
eager_full,12,4,74.0,3,52,52,transfer,3.0333333333333323,0,5
eager_full,35,4,74.5,2,44,24,transfer,1.9000000000000075,1,5
eager_full,2,4,76.5,1,49,49,recompute,4.416666666666666,0,5
eager_full,8,3,78.5,3,41,40,transfer,2.2083333333333335,0,5
eager_full,31,4,79.0,0,49,49,transfer,2.7416666666666667,0,5
eager_full,0,5,81.5,0,59,0,hit,0.8083333333333323,1,5
eager_full,7,3,81.5,3,39,38,transfer,2.1916666666666664,0,5
eager_full,25,4,82.0,1,55,55,transfer,3.0833333333333335,0,5
eager_full,34,4,82.0,2,51,0,hit,0.20833333333333334,1,5
eager_full,1,4,83.5,0,48,48,transfer,2.6916666666666664,0,5
eager_full,35,5,84.5,2,54,25,transfer,1.4583333333333333,1,5
eager_full,27,2,86.5,3,28,27,transfer,1.6416666666666668,1,5
eager_full,36,5,86.5,0,46,46,transfer,2.6333333333333333,0,5
eager_full,29,3,88.0,1,39,39,transfer,2.325,0,5
eager_full,12,5,88.5,3,62,38,transfer,2.0666666666666664,0,5
eager_full,0,6,92.0,0,66,5,transfer,0.41666666666666663,1,5
eager_full,4,2,93.0,3,29,28,transfer,1.6083333333333332,1,5
eager_full,1,5,93.5,0,58,58,recompute,5.208333333333333,0,5
eager_full,16,2,93.5,1,32,32,transfer,1.9333333333333333,1,5
eager_full,15,3,95.5,3,33,32,transfer,1.85,1,5
eager_full,37,2,95.5,2,30,18,transfer,1.1916666666666667,1,5
eager_full,27,3,97.5,3,37,26,transfer,2.224999999999997,0,5
eager_full,21,2,99.5,0,21,21,transfer,1.3416666666666668,1,5
eager_full,29,4,102.0,1,51,0,hit,0.25,1,5
eager_full,10,3,102.5,3,42,41,transfer,2.3833333333333333,0,5
eager_full,11,0,102.5,0,0,0,hit,0.625,1,5
eager_full,2,5,103.0,1,59,59,recompute,5.083333333333334,0,5
eager_full,32,2,103.0,2,26,26,transfer,1.55,1,5
eager_full,16,3,103.5,0,42,42,transfer,2.225,0,5
eager_full,23,4,104.5,2,52,52,transfer,3.3249999999999944,0,5
eager_full,30,3,104.5,3,30,29,transfer,2.58333333333334,0,5
eager_full,5,2,105.0,0,32,32,transfer,3.033333333333328,0,5
eager_full,1,6,105.5,0,72,0,hit,3.2250000000000036,0,5
eager_full,37,3,105.5,3,41,0,hit,2.0916666666666734,0,5
eager_full,35,6,108.5,2,64,0,hit,0.3999999999999915,1,5
eager_full,29,5,112.0,1,61,0,hit,0.125,1,5
eager_full,11,1,113.0,3,18,17,transfer,1.225,1,5
eager_full,16,4,113.5,0,50,50,recompute,4.291666666666667,0,5
eager_full,21,3,114.0,1,30,30,recompute,2.625,0,5
eager_full,27,4,114.0,2,48,48,transfer,2.65,0,5
eager_full,25,5,115.0,3,69,68,transfer,3.525,0,5
eager_full,15,4,116.0,1,46,46,transfer,3.416666666666669,0,5
eager_full,23,5,116.0,2,68,27,transfer,2.675000000000003,0,5
eager_full,2,6,117.0,1,66,14,transfer,3.825000000000005,0,5
eager_full,13,1,117.0,0,21,21,transfer,2.4666666666666712,0,5
eager_full,10,4,117.5,3,55,54,transfer,4.175000000000009,0,5
eager_full,30,4,118.0,2,39,39,transfer,3.6583333333333337,0,5
eager_full,5,3,122.0,0,41,37,transfer,2.0166666666666666,0,5
eager_full,32,3,122.5,3,35,34,transfer,1.9083333333333332,1,5
eager_full,11,2,123.0,1,30,30,transfer,1.7916666666666667,1,5
eager_full,25,6,126.0,3,74,39,transfer,2.075,0,5
eager_full,16,5,127.5,0,58,0,hit,0.20833333333333334,1,5
eager_full,7,4,132.0,3,50,49,transfer,2.6583333333333337,0,5
eager_full,13,2,133.0,0,31,29,transfer,1.7833333333333332,1,5
eager_full,29,6,134.0,1,67,67,transfer,3.6833333333333336,0,5
eager_full,10,5,134.5,3,65,48,transfer,3.0499999999999865,0,5
eager_full,5,4,136.5,0,48,0,hit,0.3333333333333333,1,5
eager_full,15,5,136.5,1,58,4,transfer,2.0916666666666703,0,5
eager_full,23,6,137.0,2,84,10,transfer,0.75,1,5
eager_full,7,5,142.0,3,57,0,hit,0.2916666666666667,1,5
eager_full,13,3,143.0,0,45,0,hit,0.20833333333333334,1,5
eager_full,21,4,143.0,3,35,34,transfer,2.033333333333333,0,5
eager_full,10,6,144.5,0,74,74,transfer,4.075,0,5
eager_full,7,6,152.0,3,68,0,hit,0.3333333333333333,1,5
eager_full,11,3,155.0,3,39,38,transfer,2.1083333333333334,0,5
eager_full,32,4,156.0,2,46,0,hit,0.375,1,5
eager_full,21,5,157.0,3,47,5,transfer,0.7666666666666421,1,5
repkv,7,0,0.5,0,0,0,hit,0.625,1,5
repkv,29,0,0.5,1,0,0,hit,0.3333333333333333,1,5
repkv,33,0,0.5,2,0,0,hit,0.5833333333333334,1,5
repkv,19,0,1.5,1,0,0,hit,0.5416666666666666,1,5
repkv,20,0,1.5,2,0,0,hit,0.4166666666666667,1,5
repkv,36,0,1.5,3,0,0,hit,0.5,1,5
repkv,2,0,2.0,0,0,0,hit,0.5416666666666666,1,5
repkv,28,0,2.0,3,0,0,hit,0.7416666666666668,1,5
repkv,22,0,3.0,0,0,0,hit,0.4583333333333333,1,5
repkv,6,0,4.5,0,0,0,hit,0.625,1,5
repkv,9,0,5.5,1,0,0,hit,0.625,1,5
repkv,24,0,5.5,2,0,0,hit,0.375,1,5
repkv,26,0,5.5,3,0,0,hit,0.6666666666666666,1,5
repkv,0,0,6.0,0,0,0,hit,0.5416666666666666,1,5
repkv,32,0,6.0,2,0,0,hit,0.6749999999999998,1,5
repkv,8,0,8.0,0,0,0,hit,0.5833333333333334,1,5
repkv,30,0,8.0,1,0,0,hit,0.4583333333333333,1,5
repkv,37,0,8.0,2,0,0,hit,0.6666666666666666,1,5
repkv,5,0,8.5,3,0,0,hit,0.5416666666666666,1,5
repkv,35,0,8.5,1,0,0,hit,0.5916666666666679,1,5
repkv,3,0,9.5,0,0,0,hit,0.6666666666666666,1,5
repkv,14,0,10.0,1,0,0,hit,0.375,1,5
repkv,20,1,11.5,2,13,0,hit,0.20833333333333334,1,5
repkv,31,0,11.5,0,0,0,hit,0.375,1,5
repkv,2,1,12.0,0,17,0,hit,0.8249999999999993,1,5
repkv,7,1,12.0,1,19,19,transfer,1.2416666666666667,1,5
repkv,38,0,12.0,2,0,0,hit,0.4583333333333333,1,5
repkv,12,0,13.5,0,0,0,hit,0.5416666666666666,1,5
repkv,33,1,13.5,2,16,0,hit,0.25,1,5
repkv,17,0,15.5,0,0,0,hit,0.4166666666666667,1,5
repkv,24,1,15.5,2,12,0,hit,0.375,1,5
repkv,39,0,15.5,1,0,0,hit,0.6666666666666666,1,5
repkv,0,1,16.0,0,20,0,hit,0.849999999999999,1,5
repkv,18,0,16.0,3,0,0,hit,0.4166666666666667,1,5
repkv,9,1,16.5,1,17,0,hit,0.16666666666666666,1,5
repkv,25,0,16.5,2,0,0,hit,0.5833333333333334,1,5
repkv,10,0,17.0,3,0,0,hit,0.625,1,5
repkv,22,1,17.0,0,16,0,hit,0.29999999999999716,1,5
repkv,36,1,17.5,3,14,0,hit,0.875,1,5
repkv,26,1,19.5,3,21,0,hit,0.2916666666666667,1,5
repkv,34,0,21.0,0,0,0,hit,0.6666666666666666,1,5
repkv,7,2,22.0,1,29,0,hit,0.20833333333333334,1,5
repkv,35,1,22.0,2,11,11,transfer,0.8416666666666668,1,5
repkv,38,1,22.0,3,14,14,transfer,1.0333333333333332,1,5
repkv,1,0,22.5,0,0,0,hit,0.5416666666666666,1,5
repkv,8,1,22.5,0,19,0,hit,0.9500000000000005,1,5
repkv,12,1,23.5,0,15,0,hit,0.741666666666666,1,5
repkv,6,1,24.0,0,21,0,hit,1.2749999999999997,1,5
repkv,14,1,24.5,1,11,0,hit,0.125,1,5
repkv,23,0,24.5,2,0,0,hit,0.5833333333333334,1,5
repkv,24,2,25.5,2,27,0,hit,0.2499999999999988,1,5
repkv,28,1,27.5,3,16,0,hit,0.125,1,5
repkv,29,1,27.5,1,13,0,hit,0.375,1,5
repkv,27,0,28.0,0,0,0,hit,0.4583333333333333,1,5
repkv,4,0,28.5,1,0,0,hit,0.5416666666666666,1,5
repkv,20,2,28.5,2,20,0,hit,0.125,1,5
repkv,25,1,29.5,2,17,0,hit,0.375,1,5
repkv,31,1,29.5,0,16,0,hit,0.2916666666666667,1,5
repkv,16,0,30.0,1,0,0,hit,0.5833333333333334,1,5
repkv,3,1,30.5,0,19,0,hit,0.20833333333333334,1,5
repkv,0,2,31.0,0,30,0,hit,0.29999999999999954,1,5
repkv,18,1,31.0,3,14,0,hit,0.20833333333333334,1,5
repkv,19,1,31.5,1,18,0,hit,0.20833333333333334,1,5
repkv,21,0,31.5,0,0,0,hit,0.375,1,5
repkv,10,1,32.0,3,20,0,hit,0.3333333333333333,1,5
repkv,38,2,32.0,3,27,0,hit,0.9666666666666661,1,5
repkv,1,1,32.5,0,15,0,hit,0.25,1,5
repkv,26,2,32.5,3,32,0,hit,1.099999999999999,1,5
repkv,2,2,33.0,1,26,26,transfer,1.5916666666666668,1,5
repkv,33,2,33.0,2,28,0,hit,0.3333333333333333,1,5
repkv,39,1,34.5,1,18,0,hit,1.06666666666667,1,5
repkv,36,2,35.0,3,22,0,hit,0.125,1,5
repkv,17,1,36.0,0,16,15,transfer,0.9583333333333334,1,5
repkv,9,2,36.5,1,28,0,hit,0.3333333333333333,1,5
repkv,14,2,36.5,1,19,0,hit,1.2250000000000039,1,5
repkv,28,2,37.5,3,21,0,hit,0.25,1,5
repkv,16,1,40.0,1,17,0,hit,0.375,1,5
repkv,3,2,40.5,0,27,0,hit,0.375,1,5
repkv,22,2,40.5,2,24,24,transfer,1.3666666666666667,1,5
repkv,27,1,41.0,0,15,0,hit,0.7250000000000014,1,5
repkv,31,2,41.5,0,29,0,hit,1.2583333333333375,1,5
repkv,34,1,42.0,3,23,22,transfer,1.35,1,5
repkv,25,2,42.5,2,33,0,hit,0.25,1,5
repkv,6,2,43.0,0,32,32,transfer,1.85,1,5
repkv,1,2,43.5,1,28,28,transfer,1.7333333333333332,1,5
repkv,18,2,43.5,3,24,0,hit,0.375,1,5
repkv,12,2,44.5,2,29,29,transfer,1.7416666666666667,1,5
repkv,5,1,45.0,3,20,18,transfer,1.275,1,5
repkv,15,0,45.5,0,0,0,hit,0.5416666666666666,1,5
repkv,9,3,46.5,1,42,0,hit,0.2916666666666667,1,5
repkv,21,1,46.5,0,13,0,hit,0.25,1,5
repkv,17,2,47.0,0,26,24,transfer,1.4916666666666667,1,5
repkv,14,3,47.5,1,31,0,hit,0.16666666666666666,1,5
repkv,37,1,48.0,2,18,0,hit,0.25,1,5
repkv,0,3,48.5,3,39,35,transfer,1.9166666666666667,1,5
repkv,23,1,48.5,2,19,0,hit,0.7250000000000014,1,5
repkv,24,3,49.5,2,34,0,hit,0.5583333333333347,1,5
repkv,4,1,50.5,1,19,0,hit,0.25,1,5
repkv,30,1,51.0,1,14,1,transfer,0.4083333333333319,1,5
repkv,25,3,52.5,2,42,0,hit,0.3333333333333333,1,5
repkv,35,2,52.5,3,24,23,transfer,1.3166666666666667,1,5
repkv,34,2,53.0,3,33,0,hit,1.6416666666666728,1,5
repkv,36,3,54.5,3,32,0,hit,0.6666666666666714,1,5
repkv,18,3,55.0,3,32,0,hit,0.9166666666666714,1,5
repkv,22,3,56.0,0,32,17,transfer,1.1416666666666666,1,5
repkv,9,4,56.5,1,53,0,hit,0.375,1,5
repkv,2,3,57.0,1,39,17,transfer,1.5333333333333348,1,5
repkv,13,0,58.0,0,0,0,hit,0.5833333333333334,1,5
repkv,15,1,58.0,2,17,17,transfer,0.975,1,5
repkv,20,3,59.0,3,26,26,transfer,1.5083333333333333,1,5
repkv,23,2,59.5,2,33,0,hit,0.5083333333333375,1,5
repkv,8,2,60.0,0,29,29,transfer,1.825,1,5
repkv,31,3,60.5,0,39,0,hit,1.7916666666666667,1,5
repkv,32,1,60.5,1,17,17,recompute,1.625,1,5
repkv,29,2,61.0,2,27,27,transfer,1.725,1,5
repkv,30,2,61.0,3,21,21,transfer,1.3666666666666676,1,5
repkv,35,3,62.5,3,35,0,hit,0.4749999999999991,1,5
repkv,24,4,63.5,2,49,9,transfer,0.7416666666666667,1,5
repkv,12,3,64.0,0,42,33,transfer,1.9416666666666667,1,5
repkv,22,4,66.0,0,45,0,hit,0.5749999999999933,1,5
repkv,36,4,68.0,3,40,0,hit,0.16666666666666666,1,5
repkv,10,2,68.5,3,31,30,transfer,1.875,1,5
repkv,20,4,69.0,3,37,0,hit,1.783333333333336,1,5
repkv,23,3,69.5,2,47,0,hit,0.125,1,5
repkv,1,3,70.0,0,39,28,transfer,1.6916666666666667,1,5
repkv,15,2,70.0,2,27,0,hit,0.16666666666666666,1,5
repkv,28,3,70.0,1,33,33,transfer,1.775,1,5
repkv,0,4,71.5,3,48,36,transfer,2.175,0,5
repkv,34,3,72.0,0,40,40,transfer,2.25,0,5
repkv,39,2,73.0,1,32,32,transfer,1.8916666666666668,1,5
repkv,19,2,73.5,2,30,30,transfer,1.625,1,5
repkv,12,4,74.0,0,52,0,hit,1.0416666666666667,1,5
repkv,35,4,74.5,3,44,22,transfer,1.3083333333333333,1,5
repkv,2,4,76.5,1,49,0,hit,0.3333333333333333,1,5
repkv,8,3,78.5,3,41,35,transfer,1.9583333333333333,1,5
repkv,31,4,79.0,0,49,49,transfer,2.7416666666666667,0,5
repkv,0,5,81.5,3,59,19,transfer,1.1166666666666667,1,5
repkv,7,3,81.5,1,39,39,recompute,3.5416666666666665,0,5
repkv,25,4,82.0,2,55,55,recompute,4.916666666666666,0,5
repkv,34,4,82.0,0,51,0,hit,0.3499999999999991,1,5
repkv,1,4,83.5,0,48,34,transfer,1.9916666666666667,1,5
repkv,35,5,84.5,3,54,0,hit,0.20833333333333334,1,5
repkv,27,2,86.5,3,28,27,transfer,1.6416666666666668,1,5
repkv,36,5,86.5,0,46,46,recompute,4.166666666666667,0,5
repkv,29,3,88.0,2,39,35,transfer,2.125,0,5
repkv,12,5,88.5,0,62,0,hit,3.0333333333333408,0,5
repkv,0,6,92.0,3,66,24,transfer,1.3666666666666667,1,5
repkv,4,2,93.0,1,29,21,transfer,1.2583333333333333,1,5
repkv,1,5,93.5,0,58,13,transfer,1.025,1,5
repkv,16,2,93.5,2,32,32,recompute,3.0,0,5
repkv,15,3,95.5,2,33,0,hit,1.4500000000000028,1,5
repkv,37,2,95.5,3,30,29,transfer,1.7416666666666667,1,5
repkv,27,3,97.5,3,37,0,hit,0.5166666666666657,1,5
repkv,21,2,99.5,0,21,21,recompute,2.0416666666666665,0,5
repkv,29,4,102.0,2,51,0,hit,0.25,1,5
repkv,10,3,102.5,3,42,37,transfer,2.1833333333333336,0,5
repkv,11,0,102.5,0,0,0,hit,0.625,1,5
repkv,2,5,103.0,1,59,0,hit,0.16666666666666666,1,5
repkv,32,2,103.0,2,26,26,transfer,1.55,1,5
repkv,16,3,103.5,0,42,42,transfer,2.225,0,5
repkv,23,4,104.5,2,52,2,transfer,0.8249999999999943,1,5
repkv,30,3,104.5,1,30,10,transfer,0.75,1,5
repkv,5,2,105.0,3,32,31,transfer,1.9416666666666704,1,5
repkv,1,6,105.5,0,72,0,hit,1.016666666666661,1,5
repkv,37,3,105.5,1,41,41,transfer,2.3083333333333305,0,5
repkv,35,6,108.5,0,64,64,recompute,5.708333333333333,0,5
repkv,29,5,112.0,2,61,0,hit,0.125,1,5
repkv,11,1,113.0,1,18,18,recompute,1.875,1,5
repkv,16,4,113.5,3,50,37,transfer,1.975,1,5
repkv,21,3,114.0,0,30,5,transfer,0.7833333333333314,1,5
repkv,27,4,114.0,2,48,48,transfer,2.65,0,5
repkv,25,5,115.0,0,69,69,recompute,5.875,0,5
repkv,15,4,116.0,1,46,46,recompute,4.125,0,5
repkv,23,5,116.0,2,68,14,transfer,2.025000000000003,0,5
repkv,2,6,117.0,3,66,66,transfer,3.5083333333333333,0,5
repkv,13,1,117.0,2,21,21,recompute,3.6000000000000085,0,5
repkv,10,4,117.5,3,55,32,transfer,5.158333333333337,0,5
repkv,30,4,118.0,1,39,0,hit,2.9583333333333335,0,5
repkv,5,3,122.0,0,41,41,transfer,2.2166666666666663,0,5
repkv,32,3,122.5,1,35,35,transfer,1.9583333333333333,1,5
repkv,11,2,123.0,2,30,30,transfer,1.7916666666666667,1,5
repkv,25,6,126.0,0,74,0,hit,0.125,1,5
repkv,16,5,127.5,3,58,33,transfer,1.8583333333333332,1,5
repkv,7,4,132.0,3,50,36,transfer,2.0083333333333333,0,5
repkv,13,2,133.0,2,31,0,hit,0.3333333333333333,1,5
repkv,29,6,134.0,2,67,25,transfer,1.5833333333333333,1,5
repkv,10,5,134.5,3,65,35,transfer,2.0416666666666665,0,5
repkv,5,4,136.5,3,48,35,transfer,2.3249999999999793,0,5
repkv,15,5,136.5,1,58,3,transfer,0.35833333333333334,1,5
repkv,23,6,137.0,2,84,26,transfer,1.55,1,5
repkv,7,5,142.0,0,57,57,recompute,5.041666666666667,0,5
repkv,13,3,143.0,1,45,45,recompute,3.9583333333333335,0,5
repkv,21,4,143.0,3,35,34,transfer,2.033333333333333,0,5
repkv,10,6,144.5,3,74,0,hit,1.3083333333333371,1,5
repkv,7,6,152.0,0,68,0,hit,0.3333333333333333,1,5
repkv,11,3,155.0,1,39,29,transfer,1.6583333333333332,1,5
repkv,32,4,156.0,1,46,0,hit,1.23333333333332,1,5
repkv,21,5,157.0,3,47,35,transfer,1.9583333333333333,1,5
